Performance_ID,Campaign_ID,Impressions,Clicks,Conversions,CTR,Conversion_Rate,Spend,Revenue,CPC,CPM,ROAS,ROI,Engagement_Rate,Bounce_Rate,Avg_Session_Duration
1,1,3227148,38080,5315,1.18,13.96,114187,229218,3.0,35.38,2.01,100.74,4.38,37.35,397
2,2,4924318,532318,82562,10.81,15.51,305968,633506,0.57,62.13,2.07,107.05,3.55,44.59,194
3,3,1186039,59657,8184,5.03,13.72,1424332,3216284,23.88,1200.91,2.26,125.81,17.1,23.72,93
4,4,4084831,281036,16890,6.88,6.01,1391856,2839107,4.95,340.74,2.04,103.98,7.67,24.24,435
5,5,1591696,65577,5993,4.12,9.14,191689,341340,2.92,120.43,1.78,78.07,3.6,41.83,162
6,6,59721,6545,862,10.96,13.17,939767,1803130,143.59,15735.96,1.92,91.87,17.62,22.65,34
7,7,1071896,57346,2075,5.35,3.62,1103494,2494337,19.24,1029.48,2.26,126.04,7.6,30.82,34
8,8,2813417,165428,2894,5.88,1.75,645293,1414740,3.9,229.36,2.19,119.24,4.84,27.97,411
9,9,1045157,121342,15725,11.61,12.96,1055933,2385669,8.7,1010.31,2.26,125.93,11.75,20.42,309
10,10,3663779,339632,23978,9.27,7.06,364202,719626,1.07,99.41,1.98,97.59,17.38,26.22,442
11,11,692726,20712,1621,2.99,7.83,794953,1751678,38.38,1147.57,2.2,120.35,14.79,30.07,277
12,12,913532,15895,1409,1.74,8.86,776301,1365435,48.84,849.78,1.76,75.89,13.58,58.48,452
13,13,4871093,342924,58777,7.04,17.14,973549,2124575,2.84,199.86,2.18,118.23,14.08,56.43,461
14,14,3711015,261255,9849,7.04,3.77,1396672,2890273,5.35,376.36,2.07,106.94,12.76,43.07,381
15,15,1861207,198963,24910,10.69,12.52,927459,1655236,4.66,498.31,1.78,78.47,8.67,54.95,372
16,16,3711854,250550,42443,6.75,16.94,1413121,3177685,5.64,380.7,2.25,124.87,3.1,64.89,129
17,17,3884896,202014,19312,5.2,9.56,685697,1284173,3.39,176.5,1.87,87.28,9.33,59.59,452
18,18,4270570,418515,12639,9.8,3.02,102448,156796,0.24,23.99,1.53,53.05,17.57,20.47,33
19,19,1348679,153614,12918,11.39,8.41,698376,1368886,4.55,517.82,1.96,96.01,8.38,54.56,267
20,20,1229980,108607,9557,8.83,8.8,1436914,2608573,13.23,1168.24,1.82,81.54,12.27,20.11,56
21,21,1120474,110590,13160,9.87,11.9,1208752,2239092,10.93,1078.79,1.85,85.24,16.27,69.24,472
22,22,4897190,332519,18022,6.79,5.42,797982,1592293,2.4,162.95,2.0,99.54,15.69,26.66,417
23,23,987901,33391,3699,3.38,11.08,172985,389025,5.18,175.1,2.25,124.89,13.67,69.93,178
24,24,4472264,461984,7484,10.33,1.62,66769,107892,0.14,14.93,1.62,61.59,17.19,49.89,179
25,25,4883031,302747,12200,6.2,4.03,921936,1818149,3.05,188.8,1.97,97.21,12.55,55.47,422
26,26,2318107,36626,4179,1.58,11.41,145834,304938,3.98,62.91,2.09,109.1,5.93,32.54,427
27,27,1339637,86808,9739,6.48,11.22,1399454,2923459,16.12,1044.65,2.09,108.9,16.49,21.82,298
28,28,907977,9261,1439,1.02,15.54,811810,1880395,87.66,894.09,2.32,131.63,8.6,48.92,245
29,29,4148448,172990,25775,4.17,14.9,477206,965483,2.76,115.03,2.02,102.32,13.23,65.74,188
30,30,3933904,137293,14553,3.49,10.6,1126639,2032682,8.21,286.39,1.8,80.42,7.15,22.88,168
31,31,2152607,173069,28089,8.04,16.23,677383,1238188,3.91,314.68,1.83,82.79,17.48,30.8,141
32,32,2816288,254310,22913,9.03,9.01,681004,1291115,2.68,241.81,1.9,89.59,14.33,28.34,174
33,33,2471656,24716,1715,1.0,6.94,800359,1474901,32.38,323.81,1.84,84.28,8.0,24.07,277
34,34,4223081,201863,20145,4.78,9.98,591632,1153504,2.93,140.09,1.95,94.97,4.29,61.76,304
35,35,1249884,87241,7354,6.98,8.43,294763,504339,3.38,235.83,1.71,71.1,8.94,47.64,88
36,36,820191,51261,8227,6.25,16.05,1327347,2393472,25.89,1618.34,1.8,80.32,8.5,63.36,159
37,37,4932712,479459,51685,9.72,10.78,778838,1479013,1.62,157.89,1.9,89.9,7.79,22.56,317
38,38,4919218,73296,1656,1.49,2.26,1350118,2999017,18.42,274.46,2.22,122.13,11.15,55.74,486
39,39,4907902,404901,15548,8.25,3.84,279493,496687,0.69,56.95,1.78,77.71,12.96,35.28,184
40,40,932632,14269,1649,1.53,11.56,73309,130900,5.14,78.6,1.79,78.56,3.05,63.28,320
41,41,697084,66222,2072,9.5,3.13,930546,1836711,14.05,1334.91,1.97,97.38,5.13,42.05,68
42,42,2292119,168012,27117,7.33,16.14,1290455,2670080,7.68,563.0,2.07,106.91,17.38,42.91,107
43,43,2439395,124409,6568,5.1,5.28,1255902,2508915,10.09,514.84,2.0,99.77,9.23,20.52,120
44,44,3172225,30770,1015,0.97,3.3,569902,1093186,18.52,179.65,1.92,91.82,16.26,22.93,244
45,45,1313996,78445,12362,5.97,15.76,1021385,2035416,13.02,777.31,1.99,99.28,5.87,34.29,304
46,46,85526,1137,31,1.33,2.73,561852,1231860,494.15,6569.37,2.19,119.25,14.8,64.98,381
47,47,796266,22693,2811,2.85,12.39,214216,399877,9.44,269.03,1.87,86.67,5.65,46.1,306
48,48,3218692,278416,5763,8.65,2.07,81395,139616,0.29,25.29,1.72,71.53,10.5,66.44,402
49,49,1091566,29581,5008,2.71,16.93,954245,2015651,32.26,874.2,2.11,111.23,11.66,46.86,129
50,50,1389508,113661,8467,8.18,7.45,203921,371197,1.79,146.76,1.82,82.03,11.99,49.23,404
51,51,4452103,305859,44838,6.87,14.66,283785,478489,0.93,63.74,1.69,68.61,4.6,20.41,333
52,52,2343858,33282,5375,1.42,16.15,503421,1082455,15.13,214.78,2.15,115.02,8.17,25.12,223
53,53,3415860,257555,20913,7.54,8.12,1258498,2666757,4.89,368.43,2.12,111.9,12.44,44.32,385
54,54,3442382,281931,38934,8.19,13.81,1061601,2013007,3.77,308.39,1.9,89.62,14.16,60.36,468
55,55,4489763,367262,65850,8.18,17.93,1308375,2279189,3.56,291.41,1.74,74.2,4.71,22.5,395
56,56,4888356,161804,20516,3.31,12.68,1218532,2726952,7.53,249.27,2.24,123.79,14.12,32.64,131
57,57,1462852,146577,21590,10.02,14.73,464373,871720,3.17,317.44,1.88,87.72,6.41,61.31,419
58,58,4736622,373719,10501,7.89,2.81,337937,663775,0.9,71.35,1.96,96.42,11.52,60.9,119
59,59,1741771,62007,9009,3.56,14.53,1360747,2747076,21.95,781.24,2.02,101.88,7.18,46.47,200
60,60,1437503,143894,13223,10.01,9.19,1327089,3119853,9.22,923.19,2.35,135.09,7.03,25.14,250
61,61,4358320,173896,7199,3.99,4.14,329582,564936,1.9,75.62,1.71,71.41,15.14,54.43,69
62,62,1069347,49724,4415,4.65,8.88,943261,1777103,18.97,882.09,1.88,88.4,15.89,44.92,420
63,63,1363781,105420,12639,7.73,11.99,184156,358496,1.75,135.03,1.95,94.67,3.0,63.27,466
64,64,1808694,63123,6792,3.49,10.76,937824,1965960,14.86,518.51,2.1,109.63,16.66,65.77,226
65,65,3201411,275001,8057,8.59,2.93,1401275,3138155,5.1,437.71,2.24,123.95,8.84,49.7,219
66,66,3400143,145526,18903,4.28,12.99,1065746,2593919,7.32,313.44,2.43,143.39,10.75,62.89,398
67,67,3764590,31999,4371,0.85,13.66,696431,1529989,21.76,185.0,2.2,119.69,11.7,54.74,310
68,68,2644378,84355,13395,3.19,15.88,72810,114479,0.86,27.53,1.57,57.23,6.11,67.04,496
69,69,4665292,369024,28008,7.91,7.59,570453,1034573,1.55,122.28,1.81,81.36,12.19,22.08,221
70,70,4468692,517027,26161,11.57,5.06,303868,607219,0.59,68.0,2.0,99.83,4.3,56.24,428
71,71,88684,2465,131,2.78,5.31,745920,1437014,302.6,8410.99,1.93,92.65,16.88,26.49,188
72,72,1866935,53767,1446,2.88,2.69,1467901,3334483,27.3,786.26,2.27,127.16,15.47,30.6,123
73,73,515201,7109,413,1.38,5.81,868786,1942171,122.21,1686.3,2.24,123.55,17.77,26.24,88
74,74,4928430,143417,19834,2.91,13.83,240756,431458,1.68,48.85,1.79,79.21,10.65,36.85,406
75,75,1450207,63229,6291,4.36,9.95,276831,554935,4.38,190.89,2.0,100.46,3.51,59.67,487
76,76,2802659,63059,10347,2.25,16.41,870057,1749684,13.8,310.44,2.01,101.1,15.31,39.74,155
77,77,120443,4058,389,3.37,9.59,1461077,3043861,360.05,12130.86,2.08,108.33,4.46,29.23,407
78,78,1566179,131245,16497,8.38,12.57,1042242,2333996,7.94,665.47,2.24,123.94,11.89,45.6,471
79,79,1033923,73511,12842,7.11,17.47,1364099,2800495,18.56,1319.34,2.05,105.3,16.86,38.51,246
80,80,2984025,228277,8902,7.65,3.9,61720,104899,0.27,20.68,1.7,69.96,16.04,32.92,300
81,81,3010372,178214,9035,5.92,5.07,1006017,2309010,5.64,334.18,2.3,129.52,16.56,47.06,333
82,82,3338132,96805,4046,2.9,4.18,831738,1502285,8.59,249.16,1.81,80.62,16.07,33.92,380
83,83,3161785,333252,48854,10.54,14.66,1130772,2052238,3.39,357.64,1.81,81.49,2.53,37.51,73
84,84,1330112,97098,12962,7.3,13.35,422540,741261,4.35,317.67,1.75,75.43,2.03,25.09,107
85,85,4965320,442906,8990,8.92,2.03,526479,1017789,1.19,106.03,1.93,93.32,10.7,48.16,39
86,86,254855,20745,458,8.14,2.21,1380961,2906646,66.57,5418.61,2.1,110.48,16.47,21.03,111
87,87,4038069,60974,10688,1.51,17.53,101013,175469,1.66,25.02,1.74,73.71,12.32,40.39,361
88,88,2828774,282594,21222,9.99,7.51,1114113,2114029,3.94,393.85,1.9,89.75,15.71,20.73,339
89,89,1233065,59803,8934,4.85,14.94,1314636,2983566,21.98,1066.15,2.27,126.95,13.53,46.76,115
90,90,4914926,453156,36343,9.22,8.02,1458653,3280802,3.22,296.78,2.25,124.92,5.2,51.39,316
91,91,3802812,425914,45615,11.2,10.71,346794,800504,0.81,91.19,2.31,130.83,3.48,29.42,487
92,92,4437211,210767,30455,4.75,14.45,1060758,2055430,5.03,239.06,1.94,93.77,5.46,57.18,455
93,93,4833827,282778,8935,5.85,3.16,645037,1049797,2.28,133.44,1.63,62.75,4.4,62.51,388
94,94,797871,42686,3846,5.35,9.01,1403375,2975155,32.88,1758.9,2.12,112.0,14.05,54.64,265
95,95,2265704,153161,12972,6.76,8.47,1384472,3087649,9.04,611.06,2.23,123.02,6.17,69.72,211
96,96,78435,1921,70,2.45,3.64,361048,564715,187.95,4603.15,1.56,56.41,14.69,51.92,207
97,97,2733348,93207,9013,3.41,9.67,1084938,2338366,11.64,396.93,2.16,115.53,9.54,54.87,175
98,98,3546746,245434,41895,6.92,17.07,292823,478531,1.19,82.56,1.63,63.42,4.92,21.15,298
99,99,4510246,89753,4918,1.99,5.48,75024,136288,0.84,16.63,1.82,81.66,11.93,51.55,305
100,100,3168475,243338,24601,7.68,10.11,274985,478693,1.13,86.79,1.74,74.08,13.12,26.61,112
101,101,3371557,76534,3015,2.27,3.94,1447412,2709265,18.91,429.3,1.87,87.18,14.82,52.52,462
102,102,1944724,139242,7672,7.16,5.51,893895,2085457,6.42,459.65,2.33,133.3,15.61,59.63,296
103,103,194721,2141,286,1.1,13.36,998370,1981964,466.31,5127.18,1.99,98.52,6.68,47.68,334
104,104,133411,11833,1983,8.87,16.76,1061527,2274746,89.71,7956.82,2.14,114.29,15.05,42.06,374
105,105,3226770,114550,15899,3.55,13.88,590126,1115338,5.15,182.88,1.89,89.0,12.64,20.27,448
106,106,4715621,246155,27692,5.22,11.25,123078,223731,0.5,26.1,1.82,81.78,10.01,35.2,188
107,107,2966850,302025,8758,10.18,2.9,924955,1950822,3.06,311.76,2.11,110.91,8.06,50.02,301
108,108,2571770,202398,24105,7.87,11.91,397360,843118,1.96,154.51,2.12,112.18,10.95,39.26,444
109,109,292899,13590,1034,4.64,7.61,166737,328438,12.27,569.26,1.97,96.98,6.23,48.28,267
110,110,1709951,76776,9543,4.49,12.43,307462,554599,4.0,179.81,1.8,80.38,14.99,48.6,289
111,111,1885830,44317,5575,2.35,12.58,306205,489652,6.91,162.37,1.6,59.91,13.33,52.03,344
112,112,312779,11666,321,3.73,2.75,1339969,2987728,114.86,4284.08,2.23,122.97,14.28,21.98,344
113,113,4350314,417630,39006,9.6,9.34,115451,239110,0.28,26.54,2.07,107.11,14.63,46.52,309
114,114,502875,27205,778,5.41,2.86,1414520,3040510,51.99,2812.87,2.15,114.95,15.96,59.59,355
115,115,4783193,107621,17682,2.25,16.43,253250,470158,2.35,52.95,1.86,85.65,8.4,53.78,447
116,116,3461543,203538,16120,5.88,7.92,290222,572840,1.43,83.84,1.97,97.38,13.73,44.02,470
117,117,2655500,159330,7536,6.0,4.73,251374,463558,1.58,94.66,1.84,84.41,11.76,62.77,82
118,118,1789766,85550,4628,4.78,5.41,635951,1388599,7.43,355.33,2.18,118.35,12.82,48.01,354
119,119,2130877,165142,17075,7.75,10.34,90405,166363,0.55,42.43,1.84,84.02,11.15,53.5,368
120,120,4291193,148475,4662,3.46,3.14,908575,1811425,6.12,211.73,1.99,99.37,12.85,43.59,294
121,121,1546277,129578,21522,8.38,16.61,551866,1191037,4.26,356.9,2.16,115.82,10.91,29.27,222
122,122,378548,15747,2066,4.16,13.12,1321494,3173303,83.92,3490.95,2.4,140.13,5.0,20.44,279
123,123,1030426,11540,1387,1.12,12.02,301708,587757,26.14,292.8,1.95,94.81,10.9,20.85,173
124,124,2782530,234567,39360,8.43,16.78,1491409,2975062,6.36,535.99,1.99,99.48,8.11,57.78,310
125,125,443731,25026,3663,5.64,14.64,1335560,2500568,53.37,3009.84,1.87,87.23,12.13,53.24,37
126,126,308807,35049,4156,11.35,11.86,1331526,2756391,37.99,4311.84,2.07,107.01,17.9,58.36,357
127,127,2273292,161631,10473,7.11,6.48,759379,1396877,4.7,334.04,1.84,83.95,6.61,32.31,37
128,128,3290059,235568,10812,7.16,4.59,1163003,2739220,4.94,353.49,2.36,135.53,3.63,37.58,40
129,129,3950635,360297,25545,9.12,7.09,805620,1360047,2.24,203.92,1.69,68.82,8.84,20.8,322
130,130,3995958,49549,2645,1.24,5.34,839098,1780565,16.93,209.99,2.12,112.2,5.15,20.08,494
131,131,1810118,169065,19780,9.34,11.7,1001886,1894366,5.93,553.49,1.89,89.08,16.2,23.91,409
132,132,4688969,198343,11999,4.23,6.05,1302739,3028607,6.57,277.83,2.32,132.48,10.77,37.59,138
133,133,3017194,300814,43888,9.97,14.59,173784,296353,0.58,57.6,1.71,70.53,15.96,43.74,439
134,134,1477132,110046,10619,7.45,9.65,700625,1400759,6.37,474.31,2.0,99.93,11.09,68.3,112
135,135,629915,49322,5578,7.83,11.31,194656,342341,3.95,309.02,1.76,75.87,5.65,67.46,250
136,136,1848101,62835,3876,3.4,6.17,1316646,2228818,20.95,712.43,1.69,69.28,4.67,66.28,175
137,137,3079393,101004,4333,3.28,4.29,1332704,2922753,13.19,432.78,2.19,119.31,8.62,40.51,407
138,138,4277059,65866,3313,1.54,5.03,295882,543564,4.49,69.18,1.84,83.71,5.33,32.05,423
139,139,2935051,104487,12768,3.56,12.22,671282,1273757,6.42,228.71,1.9,89.75,6.19,65.87,246
140,140,2920348,67752,4546,2.32,6.71,671049,1366188,9.9,229.78,2.04,103.59,12.71,25.88,99
141,141,1076741,122640,3213,11.39,2.62,537311,953028,4.38,499.02,1.77,77.37,10.16,28.63,496
142,142,658634,42020,5126,6.38,12.2,1476589,3259127,35.14,2241.9,2.21,120.72,17.76,48.87,351
143,143,2719960,98462,6715,3.62,6.82,419834,680257,4.26,154.35,1.62,62.03,8.5,39.74,202
144,144,3293840,62912,4649,1.91,7.39,1411035,2818260,22.43,428.39,2.0,99.73,15.38,35.17,184
145,145,3369806,189720,14570,5.63,7.68,1036905,2181025,5.47,307.7,2.1,110.34,16.55,28.37,161
146,146,1290618,35362,4947,2.74,13.99,715873,1313770,20.24,554.67,1.84,83.52,8.12,28.52,429
147,147,1124872,114286,3474,10.16,3.04,1393724,3299084,12.2,1239.01,2.37,136.71,13.38,54.69,437
148,148,4889208,250816,5116,5.13,2.04,675229,1160110,2.69,138.11,1.72,71.81,2.2,52.63,477
149,149,3816016,70977,9063,1.86,12.77,815838,1608098,11.49,213.79,1.97,97.11,3.74,62.68,214
150,150,3565274,347257,30280,9.74,8.72,542323,1201082,1.56,152.11,2.21,121.47,2.4,47.97,443
151,151,2609440,106465,7559,4.08,7.1,1452164,3226272,13.64,556.5,2.22,122.17,8.57,63.17,331
152,152,59963,1217,101,2.03,8.3,1429655,2927361,1174.74,23842.29,2.05,104.76,16.81,30.58,253
153,153,1269449,90765,8005,7.15,8.82,1205951,2721590,13.29,949.98,2.26,125.68,8.38,55.7,249
154,154,844712,26017,4227,3.08,16.25,420988,794193,16.18,498.38,1.89,88.65,13.87,22.88,366
155,155,979435,109794,12165,11.21,11.08,746477,1339926,6.8,762.15,1.79,79.5,10.62,57.36,122
156,156,1284001,63814,7593,4.97,11.9,398581,775040,6.25,310.42,1.94,94.45,9.71,68.51,280
157,157,412989,35517,976,8.6,2.75,1376144,3357378,38.75,3332.16,2.44,143.97,6.73,21.36,243
158,158,4701754,39494,5430,0.84,13.75,510216,1158496,12.92,108.52,2.27,127.06,7.93,42.87,373
159,159,1503788,134589,11628,8.95,8.64,1109580,2193861,8.24,737.86,1.98,97.72,17.31,57.0,309
160,160,3643896,261267,26727,7.17,10.23,967583,2109524,3.7,265.54,2.18,118.02,12.44,35.23,102
161,161,2876127,197014,29690,6.85,15.07,384979,622780,1.95,133.85,1.62,61.77,10.23,55.67,234
162,162,1904140,46651,8313,2.45,17.82,508167,858446,10.89,266.87,1.69,68.93,14.78,29.42,133
163,163,3434025,82760,12918,2.41,15.61,603529,1035836,7.29,175.75,1.72,71.63,8.8,47.12,375
164,164,1554204,91853,14549,5.91,15.84,214011,403774,2.33,137.7,1.89,88.67,2.9,69.59,38
165,165,4344615,321501,6494,7.4,2.02,114565,187920,0.36,26.37,1.64,64.03,5.01,55.85,382
166,166,3146882,244827,42550,7.78,17.38,91230,172826,0.37,28.99,1.89,89.44,8.18,40.17,160
167,167,993927,111618,18394,11.23,16.48,1222689,2114885,10.95,1230.16,1.73,72.97,8.2,25.59,444
168,168,1192422,128304,5683,10.76,4.43,1482017,2791527,11.55,1242.86,1.88,88.36,14.97,50.5,51
169,169,4575726,219634,27739,4.8,12.63,410276,687171,1.87,89.66,1.67,67.49,9.25,48.05,214
170,170,251926,14636,708,5.81,4.84,1252393,2394450,85.57,4971.27,1.91,91.19,10.62,40.5,108
171,171,1060061,44098,5035,4.16,11.42,986742,2107582,22.38,930.84,2.14,113.59,13.12,59.25,340
172,172,145139,1306,84,0.9,6.43,119219,214236,91.29,821.41,1.8,79.7,5.52,25.79,388
173,173,1515619,14246,2418,0.94,16.97,275586,461909,19.34,181.83,1.68,67.61,8.38,37.32,410
174,174,2998805,275890,34541,9.2,12.52,1109378,2166948,4.02,369.94,1.95,95.33,8.19,20.1,105
175,175,1628804,89421,15299,5.49,17.11,504232,1191449,5.64,309.57,2.36,136.29,9.92,59.75,356
176,176,3695408,45823,6245,1.24,13.63,1456843,3637736,31.79,394.23,2.5,149.7,15.45,28.2,473
177,177,2846053,184139,32205,6.47,17.49,792457,1648152,4.3,278.44,2.08,107.98,12.34,32.22,201
178,178,4850423,251251,22888,5.18,9.11,1321360,2413728,5.26,272.42,1.83,82.67,14.48,43.12,153
179,179,4767851,106799,7721,2.24,7.23,440879,789217,4.13,92.47,1.79,79.01,2.12,33.97,245
180,180,2195893,50066,6298,2.28,12.58,549138,951765,10.97,250.08,1.73,73.32,10.06,42.75,69
181,181,929005,73577,12986,7.92,17.65,967605,1711499,13.15,1041.55,1.77,76.88,15.81,68.21,318
182,182,3457609,88860,4363,2.57,4.91,57882,108575,0.65,16.74,1.88,87.58,2.12,58.2,329
183,183,2068200,186758,21010,9.03,11.25,1334217,2451490,7.14,645.11,1.84,83.74,3.93,24.74,47
184,184,2911264,244255,27087,8.39,11.09,198943,403913,0.81,68.34,2.03,103.03,15.19,26.12,172
185,185,837062,39090,4155,4.67,10.63,610396,1294649,15.62,729.21,2.12,112.1,16.17,33.6,239
186,186,4645827,209062,23644,4.5,11.31,89700,153369,0.43,19.31,1.71,70.98,13.06,24.07,496
187,187,3851029,417451,22083,10.84,5.29,142292,223981,0.34,36.95,1.57,57.41,6.98,50.33,72
188,188,1019480,105618,2270,10.36,2.15,149003,236542,1.41,146.16,1.59,58.75,5.49,48.72,466
189,189,4412183,493723,26364,11.19,5.34,155720,305242,0.32,35.29,1.96,96.02,14.72,36.97,188
190,190,1421420,29849,1964,2.1,6.58,458640,971353,15.37,322.66,2.12,111.79,2.73,25.48,191
191,191,655928,73135,10670,11.15,14.59,699607,1587198,9.57,1066.59,2.27,126.87,10.13,69.77,388
192,192,3002846,314698,38676,10.48,12.29,548582,1106270,1.74,182.69,2.02,101.66,15.44,33.91,189
193,193,766303,28736,2175,3.75,7.57,1050218,2071029,36.55,1370.5,1.97,97.2,3.02,64.64,95
194,194,2965665,345499,29574,11.65,8.56,1390795,2514974,4.03,468.97,1.81,80.83,16.04,35.0,448
195,195,3507298,340207,39429,9.7,11.59,740423,1345422,2.18,211.11,1.82,81.71,11.78,34.92,265
196,196,2332920,253821,33301,10.88,13.12,1198209,2398454,4.72,513.61,2.0,100.17,4.03,20.82,149
197,197,3780954,216648,19953,5.73,9.21,326034,556377,1.5,86.23,1.71,70.65,10.87,62.6,297
198,198,3399328,404859,51538,11.91,12.73,1499950,3703826,3.7,441.25,2.47,146.93,9.94,31.95,71
199,199,4677744,476662,9199,10.19,1.93,1372918,3107737,2.88,293.5,2.26,126.36,16.97,51.02,211
200,200,3457221,118236,1939,3.42,1.64,1023917,1814995,8.66,296.17,1.77,77.26,16.16,22.53,442
201,201,3113643,336896,45716,10.82,13.57,659482,1192541,1.96,211.8,1.81,80.83,6.0,27.23,325
202,202,3892609,400160,9243,10.28,2.31,1461792,2905750,3.65,375.53,1.99,98.78,4.99,62.25,483
203,203,4517428,322092,29890,7.13,9.28,1256661,2424853,3.9,278.18,1.93,92.96,17.58,64.14,62
204,204,3653363,73797,6154,2.02,8.34,1029875,2412688,13.96,281.9,2.34,134.27,9.48,36.96,451
205,205,953291,40705,3394,4.27,8.34,917847,1698934,22.55,962.82,1.85,85.1,11.39,30.52,427
206,206,1465732,107584,13028,7.34,12.11,1470581,2757192,13.67,1003.31,1.87,87.49,6.01,65.36,163
207,207,4776521,571749,18581,11.97,3.25,692620,1278507,1.21,145.01,1.85,84.59,6.65,33.99,436
208,208,4316734,63887,1788,1.48,2.8,1288083,2949194,20.16,298.39,2.29,128.96,12.14,61.71,270
209,209,2579913,105260,9978,4.08,9.48,304384,632753,2.89,117.98,2.08,107.88,15.28,62.64,59
210,210,4777537,74051,7153,1.55,9.66,75963,132327,1.03,15.9,1.74,74.2,11.81,23.74,338
211,211,2583930,236171,29285,9.14,12.4,974642,1833788,4.13,377.19,1.88,88.15,12.65,22.72,285
212,212,536475,25697,799,4.79,3.11,141020,322555,5.49,262.86,2.29,128.73,9.76,55.32,409
213,213,3176021,116877,11827,3.68,10.12,1090908,2194579,9.33,343.48,2.01,101.17,8.87,44.79,216
214,214,3182847,302688,41528,9.51,13.72,1191794,2511825,3.94,374.44,2.11,110.76,12.97,27.11,323
215,215,2566276,303333,5823,11.82,1.92,354808,688150,1.17,138.26,1.94,93.95,5.77,54.37,338
216,216,2652086,66036,4153,2.49,6.29,1172068,2692943,17.75,441.94,2.3,129.76,8.93,50.54,272
217,217,1397477,93910,5531,6.72,5.89,617454,1076592,6.57,441.83,1.74,74.36,8.73,55.4,257
218,218,2567751,146105,13982,5.69,9.57,873152,1911067,5.98,340.05,2.19,118.87,2.59,23.02,169
219,219,677094,33922,3812,5.01,11.24,387115,821109,11.41,571.73,2.12,112.11,14.87,34.5,31
220,220,869462,84946,3661,9.77,4.31,871815,1668218,10.26,1002.71,1.91,91.35,15.26,36.31,293
221,221,3885940,284450,33479,7.32,11.77,724001,1342804,2.55,186.31,1.85,85.47,7.53,57.01,70
222,222,1607894,30067,1250,1.87,4.16,281021,599923,9.35,174.78,2.13,113.48,12.53,45.04,308
223,223,2244420,35237,1219,1.57,3.46,422391,675910,11.99,188.2,1.6,60.02,16.44,24.69,436
224,224,2874122,135658,16265,4.72,11.99,1071830,2058878,7.9,372.92,1.92,92.09,9.04,68.82,463
225,225,1789476,134747,8516,7.53,6.32,402699,623015,2.99,225.04,1.55,54.71,4.96,65.82,417
226,226,4940276,280607,30277,5.68,10.79,680847,1468110,2.43,137.82,2.16,115.63,10.16,46.3,418
227,227,2337417,191200,6099,8.18,3.19,1136458,2043124,5.94,486.2,1.8,79.78,8.32,54.51,450
228,228,3876694,411704,14944,10.62,3.63,816090,1624019,1.98,210.51,1.99,99.0,9.48,48.8,262
229,229,1364151,158241,22027,11.6,13.92,157653,299714,1.0,115.57,1.9,90.11,9.82,46.09,138
230,230,2557820,107172,15915,4.19,14.85,521536,1134027,4.87,203.9,2.17,117.44,8.32,51.49,383
231,231,4250283,127933,15198,3.01,11.88,240932,486441,1.88,56.69,2.02,101.9,6.62,53.22,401
232,232,1133798,103288,3883,9.11,3.76,1123691,1930164,10.88,991.09,1.72,71.77,7.07,33.05,71
233,233,4574700,50779,2173,1.11,4.28,1340574,2689727,26.4,293.04,2.01,100.64,10.87,66.55,446
234,234,4692236,273557,41170,5.83,15.05,634119,1366463,2.32,135.14,2.15,115.49,8.48,30.88,361
235,235,1010552,75286,4005,7.45,5.32,471497,784806,6.26,466.57,1.66,66.45,8.7,41.12,315
236,236,2535614,188649,19110,7.44,10.13,432661,820281,2.29,170.63,1.9,89.59,10.3,61.91,169
237,237,3201283,268907,38265,8.4,14.23,494472,1127247,1.84,154.46,2.28,127.97,17.94,40.54,176
238,238,744746,44237,5273,5.94,11.92,263772,518470,5.96,354.18,1.97,96.56,5.9,55.23,352
239,239,2848126,209052,9825,7.34,4.7,1416269,3067780,6.77,497.26,2.17,116.61,7.6,51.47,128
240,240,1048738,19401,721,1.85,3.72,1440045,3306631,74.23,1373.12,2.3,129.62,2.26,34.0,341
241,241,2720557,309055,15638,11.36,5.06,757386,1298235,2.45,278.39,1.71,71.41,2.26,54.56,225
242,242,595869,19365,666,3.25,3.44,1440700,3183658,74.4,2417.81,2.21,120.98,17.56,46.68,434
243,243,4125629,393172,31139,9.53,7.92,929946,1875143,2.37,225.41,2.02,101.64,14.18,41.08,262
244,244,3028300,79947,11192,2.64,14.0,142909,240573,1.79,47.19,1.68,68.34,3.15,40.42,482
245,245,3020483,221099,22529,7.32,10.19,802263,1675847,3.63,265.61,2.09,108.89,6.38,45.16,428
246,246,2754310,160576,20666,5.83,12.87,867869,1556002,5.4,315.09,1.79,79.29,6.56,51.78,297
247,247,4537768,463759,62236,10.22,13.42,1242610,2940885,2.68,273.84,2.37,136.67,4.48,40.72,461
248,248,4680310,63652,7854,1.36,12.34,944950,1655835,14.85,201.9,1.75,75.23,11.9,63.17,241
249,249,2012330,201031,35260,9.99,17.54,1164291,2726769,5.79,578.58,2.34,134.2,15.98,29.0,326
250,250,923582,40452,4449,4.38,11.0,1289976,2962558,31.89,1396.71,2.3,129.66,11.94,64.66,447
251,251,2461603,133665,22455,5.43,16.8,856003,1495694,6.4,347.74,1.75,74.73,14.88,41.7,435
252,252,2130770,199440,13382,9.36,6.71,776295,1423802,3.89,364.33,1.83,83.41,5.42,65.17,455
253,253,3489515,307426,33171,8.81,10.79,1487427,2634828,4.84,426.26,1.77,77.14,10.03,30.87,213
254,254,2008304,154036,11876,7.67,7.71,1388338,2658111,9.01,691.3,1.91,91.46,12.96,58.82,500
255,255,2971405,148273,18771,4.99,12.66,921126,1574296,6.21,310.0,1.71,70.91,11.81,66.83,369
256,256,3437050,127514,20261,3.71,15.89,1083601,2522839,8.5,315.27,2.33,132.82,14.02,55.37,73
257,257,4186386,242391,23730,5.79,9.79,915995,1588884,3.78,218.8,1.73,73.46,4.79,23.16,174
258,258,1262424,70190,5566,5.56,7.93,343701,739541,4.9,272.25,2.15,115.17,6.13,40.79,168
259,259,601741,18353,2024,3.05,11.03,293053,637448,15.97,487.01,2.18,117.52,4.38,28.27,456
260,260,760901,22066,3181,2.9,14.42,169399,320096,7.68,222.63,1.89,88.96,10.05,40.12,430
261,261,3752494,65668,2915,1.75,4.44,1418443,2887382,21.6,378.0,2.04,103.56,13.66,22.32,440
262,262,264303,27936,2218,10.57,7.94,227375,397815,8.14,860.28,1.75,74.96,15.96,57.21,399
263,263,1323166,80051,2281,6.05,2.85,1013569,1866081,12.66,766.02,1.84,84.11,17.02,37.6,142
264,264,1744940,16925,1694,0.97,10.01,397063,603853,23.46,227.55,1.52,52.08,5.11,39.02,377
265,265,3435951,337753,30093,9.83,8.91,1212498,2692351,3.59,352.89,2.22,122.05,12.01,64.65,128
266,266,1877106,36415,4395,1.94,12.07,1006199,1768092,27.63,536.04,1.76,75.72,2.9,51.03,207
267,267,810521,73757,5848,9.1,7.93,1416502,2820538,19.2,1747.64,1.99,99.12,4.79,25.31,365
268,268,2762021,320118,9923,11.59,3.1,1031757,2030291,3.22,373.55,1.97,96.78,6.0,38.27,292
269,269,1267286,39666,2391,3.13,6.03,719303,1180520,18.13,567.59,1.64,64.12,3.17,38.76,438
270,270,1014455,81663,7880,8.05,9.65,974302,1981048,11.93,960.42,2.03,103.33,12.9,36.11,261
271,271,1097792,52694,2318,4.8,4.4,993458,1889954,18.85,904.96,1.9,90.24,17.85,21.72,190
272,272,1992702,89671,1999,4.5,2.23,630262,1243506,7.03,316.29,1.97,97.3,8.28,24.86,252
273,273,2403304,149485,23185,6.22,15.51,492124,853687,3.29,204.77,1.73,73.47,10.21,25.32,224
274,274,1823197,70922,7829,3.89,11.04,252099,502382,3.55,138.27,1.99,99.28,11.83,29.76,418
275,275,4509062,311125,23054,6.9,7.41,1144624,2594519,3.68,253.85,2.27,126.67,17.75,36.14,339
276,276,4254450,310574,20746,7.3,6.68,850780,1769282,2.74,199.97,2.08,107.96,16.58,53.44,184
277,277,1898472,129096,23108,6.8,17.9,1106887,2101646,8.57,583.04,1.9,89.87,8.07,26.69,318
278,278,3780422,395432,11190,10.46,2.83,603307,1027854,1.53,159.59,1.7,70.37,11.11,23.24,312
279,279,3661135,69927,6489,1.91,9.28,834841,1726868,11.94,228.03,2.07,106.85,6.9,41.32,248
280,280,4132852,78524,12139,1.9,15.46,793934,1702432,10.11,192.1,2.14,114.43,4.09,62.89,423
281,281,4816434,278871,9091,5.79,3.26,418360,766100,1.5,86.86,1.83,83.12,8.93,29.97,371
282,282,1691453,50743,2374,3.0,4.68,898123,1627398,17.7,530.98,1.81,81.2,16.64,48.53,332
283,283,3201364,207448,3505,6.48,1.69,903686,1486563,4.36,282.28,1.64,64.5,8.49,32.38,431
284,284,3977108,188514,22056,4.74,11.7,474198,874089,2.52,119.23,1.84,84.33,4.21,36.07,288
285,285,4462760,51768,4265,1.16,8.24,52352,97133,1.01,11.73,1.86,85.54,2.37,27.88,197
286,286,4244619,190583,12959,4.49,6.8,1091569,2494344,5.73,257.17,2.29,128.51,16.97,38.56,259
287,287,4405330,425554,33235,9.66,7.81,926826,1759764,2.18,210.39,1.9,89.87,16.74,34.83,252
288,288,1715924,70696,2057,4.12,2.91,607250,1004148,8.59,353.89,1.65,65.36,6.01,23.2,218
289,289,2125960,207706,5358,9.77,2.58,1483092,2735266,7.14,697.61,1.84,84.43,9.95,63.26,411
290,290,909029,46451,5416,5.11,11.66,393323,787825,8.47,432.68,2.0,100.3,13.68,24.09,461
291,291,3225458,283517,48027,8.79,16.94,633316,1252952,2.23,196.35,1.98,97.84,5.38,24.74,154
292,292,2492202,45108,8074,1.81,17.9,1031135,2328405,22.86,413.74,2.26,125.81,17.9,55.48,39
293,293,3976629,459300,43909,11.55,9.56,802954,1732453,1.75,201.92,2.16,115.76,2.64,64.92,238
294,294,2523085,237926,32143,9.43,13.51,285143,520043,1.2,113.01,1.82,82.38,15.67,42.82,109
295,295,980074,29402,5065,3.0,17.23,513902,1210496,17.48,524.35,2.36,135.55,14.05,36.96,409
296,296,1474851,30234,1478,2.05,4.89,1047628,2543745,34.65,710.33,2.43,142.81,2.7,55.08,270
297,297,4826151,384644,12039,7.97,3.13,1195290,2157378,3.11,247.67,1.8,80.49,2.03,65.96,275
298,298,444701,27171,4869,6.11,17.92,253170,551758,9.32,569.3,2.18,117.94,8.85,28.41,436
299,299,2960879,85569,5921,2.89,6.92,386503,629226,4.52,130.54,1.63,62.8,11.56,51.14,401
300,300,572727,31442,4672,5.49,14.86,100622,191664,3.2,175.69,1.9,90.48,13.04,27.51,389
301,301,335148,35592,1975,10.62,5.55,149131,256356,4.19,444.97,1.72,71.9,6.24,60.73,350
302,302,3376687,216783,35053,6.42,16.17,690362,1429946,3.18,204.45,2.07,107.13,8.3,43.13,248
303,303,1024384,76521,5387,7.47,7.04,801953,1678407,10.48,782.86,2.09,109.29,11.09,26.4,105
304,304,3879429,355355,26793,9.16,7.54,595234,1271776,1.68,153.43,2.14,113.66,12.12,30.97,109
305,305,3173101,340791,15710,10.74,4.61,1104079,2563340,3.24,347.95,2.32,132.17,10.04,30.19,140
306,306,3656270,430708,23602,11.78,5.48,371405,766059,0.86,101.58,2.06,106.26,6.08,41.98,307
307,307,2662379,153619,17727,5.77,11.54,945750,2153472,6.16,355.23,2.28,127.7,17.32,63.7,58
308,308,2706829,139943,13210,5.17,9.44,412922,754325,2.95,152.55,1.83,82.68,16.01,60.34,76
309,309,606980,40546,2611,6.68,6.44,341966,607707,8.43,563.39,1.78,77.71,11.71,36.1,70
310,310,3960174,344931,35700,8.71,10.35,1060559,2368970,3.07,267.81,2.23,123.37,16.37,42.14,117
311,311,1705226,164213,19262,9.63,11.73,619877,1248804,3.77,363.52,2.01,101.46,13.05,40.74,364
312,312,2592508,232547,37114,8.97,15.96,1106686,1982074,4.76,426.88,1.79,79.1,4.06,60.58,422
313,313,1602301,161351,10826,10.07,6.71,630358,1117624,3.91,393.41,1.77,77.3,11.66,37.57,422
314,314,3844479,139939,15253,3.64,10.9,350149,656494,2.5,91.08,1.87,87.49,2.87,46.42,402
315,315,766047,21525,1747,2.81,8.12,1434542,3014690,66.65,1872.66,2.1,110.15,9.17,36.4,450
316,316,1369016,74885,2950,5.47,3.94,1195024,2379890,15.96,872.91,1.99,99.15,11.36,53.8,469
317,317,374577,8840,749,2.36,8.47,1201311,2801457,135.89,3207.11,2.33,133.2,11.76,59.4,204
318,318,1414409,124609,14130,8.81,11.34,328863,633883,2.64,232.51,1.93,92.75,5.73,24.5,363
319,319,1393768,124463,21457,8.93,17.24,322127,599703,2.59,231.12,1.86,86.17,11.08,44.58,426
320,320,4884815,232517,30552,4.76,13.14,706028,1689383,3.04,144.54,2.39,139.28,8.41,60.91,38
321,321,1882663,35017,5945,1.86,16.98,1213916,2301463,34.67,644.79,1.9,89.59,16.93,24.88,63
322,322,3517607,358092,28181,10.18,7.87,1495794,3264719,4.18,425.23,2.18,118.26,17.61,54.69,235
323,323,4246159,120166,20247,2.83,16.85,535850,1064037,4.46,126.2,1.99,98.57,17.23,39.4,348
324,324,4793170,460623,71903,9.61,15.61,551871,1084260,1.2,115.14,1.96,96.47,13.26,28.41,392
325,325,436089,8416,1036,1.93,12.31,1466205,3196326,174.22,3362.17,2.18,118.0,7.35,41.04,211
326,326,3207764,200806,23253,6.26,11.58,286216,655978,1.43,89.23,2.29,129.19,8.53,67.73,289
327,327,1891139,143726,20639,7.6,14.36,1377238,2622123,9.58,728.26,1.9,90.39,13.12,52.37,399
328,328,3519811,32382,1774,0.92,5.48,777315,1786347,24.0,220.84,2.3,129.81,16.28,43.99,450
329,329,3149035,121867,13149,3.87,10.79,1211895,2484869,9.94,384.85,2.05,105.04,7.17,43.98,255
330,330,1354508,87094,5913,6.43,6.79,418178,694217,4.8,308.73,1.66,66.01,11.44,67.21,76
331,331,3633491,277235,10895,7.63,3.93,1080188,2262237,3.9,297.29,2.09,109.43,13.38,54.65,39
332,332,1550262,31470,1903,2.03,6.05,567412,1142086,18.03,366.01,2.01,101.28,16.87,54.67,95
333,333,3209963,328379,23216,10.23,7.07,253334,532888,0.77,78.92,2.1,110.35,2.3,58.67,279
334,334,117902,3525,242,2.99,6.87,1411214,2500953,400.34,11969.38,1.77,77.22,5.88,53.44,215
335,335,1675651,114111,14823,6.81,12.99,981804,1727287,8.6,585.92,1.76,75.93,16.74,54.89,220
336,336,1457485,151869,4525,10.42,2.98,559106,1215272,3.68,383.61,2.17,117.36,2.31,24.99,275
337,337,2069777,86930,1929,4.2,2.22,1429989,2835954,16.45,690.89,1.98,98.32,4.56,58.19,149
338,338,4566335,330602,47474,7.24,14.36,752739,1758172,2.28,164.85,2.34,133.57,2.02,36.83,36
339,339,1666591,77663,11268,4.66,14.51,774567,1752767,9.97,464.76,2.26,126.29,11.08,62.83,33
340,340,3118960,69864,7496,2.24,10.73,642353,1047292,9.19,205.95,1.63,63.04,3.87,31.24,469
341,341,2378361,179090,20434,7.53,11.41,1031845,1781067,5.76,433.85,1.73,72.61,15.74,36.72,128
342,342,3651019,108070,4106,2.96,3.8,733147,1678613,6.78,200.81,2.29,128.96,9.26,54.33,235
343,343,3869458,387719,63275,10.02,16.32,1021449,1829925,2.63,263.98,1.79,79.15,8.19,42.36,61
344,344,4963148,132019,14627,2.66,11.08,138027,301216,1.05,27.81,2.18,118.23,7.81,35.16,448
345,345,2415796,258007,32534,10.68,12.61,599163,1190596,2.32,248.02,1.99,98.71,17.0,57.3,222
346,346,1692676,158265,4320,9.35,2.73,1285505,3173911,8.12,759.45,2.47,146.9,15.39,55.54,342
347,347,589902,49787,3385,8.44,6.8,1460618,2785836,29.34,2476.04,1.91,90.73,7.08,40.82,332
348,348,2894822,99581,4789,3.44,4.81,1350144,2659108,13.56,466.4,1.97,96.95,9.68,46.75,143
349,349,4379901,62632,11242,1.43,17.95,1147247,2361378,18.32,261.93,2.06,105.83,11.88,27.32,400
350,350,4065975,244365,37461,6.01,15.33,1268878,2549175,5.19,312.07,2.01,100.9,14.14,24.03,496
351,351,757934,42823,4787,5.65,11.18,1429477,2800202,33.38,1886.02,1.96,95.89,8.92,57.37,197
352,352,257710,6262,676,2.43,10.8,1228424,2790242,196.17,4766.69,2.27,127.14,11.56,32.17,64
353,353,1986341,227038,31626,11.43,13.93,1400477,3282297,6.17,705.05,2.34,134.37,9.19,51.1,248
354,354,1910661,196607,29333,10.29,14.92,925685,2093899,4.71,484.48,2.26,126.2,4.78,45.26,435
355,355,2522452,224245,19733,8.89,8.8,1350110,2566424,6.02,535.24,1.9,90.09,17.44,20.48,490
356,356,2378342,269941,23403,11.35,8.67,988261,1716312,3.66,415.53,1.74,73.67,15.62,28.82,358
357,357,2190334,90898,12980,4.15,14.28,251905,478896,2.77,115.01,1.9,90.11,9.51,33.55,459
358,358,914052,93324,14745,10.21,15.8,1087257,2094274,11.65,1189.49,1.93,92.62,6.41,58.69,390
359,359,4573452,215409,23242,4.71,10.79,1120470,2712545,5.2,244.99,2.42,142.09,5.11,57.65,484
360,360,2263145,257093,25477,11.36,9.91,395922,679045,1.54,174.94,1.72,71.51,4.27,48.91,267
361,361,2756249,103634,14342,3.76,13.84,488754,985670,4.72,177.33,2.02,101.67,7.86,46.15,86
362,362,1284032,52388,7800,4.08,14.89,1005644,1836808,19.2,783.19,1.83,82.65,7.26,66.04,167
363,363,287402,26785,2153,9.32,8.04,79154,115248,2.96,275.41,1.46,45.6,6.88,25.07,171
364,364,3240756,195417,29664,6.03,15.18,933437,1998208,4.78,288.03,2.14,114.07,17.39,23.93,352
365,365,4279561,288870,5517,6.75,1.91,1254585,2360627,4.34,293.16,1.88,88.16,4.19,36.44,447
366,366,2702457,129177,13589,4.78,10.52,348254,542927,2.7,128.87,1.56,55.9,14.72,44.1,284
367,367,2462137,187861,9637,7.63,5.13,982126,2206149,5.23,398.89,2.25,124.63,5.68,33.2,483
368,368,4010460,297576,15979,7.42,5.37,1456861,2506529,4.9,363.27,1.72,72.05,15.58,41.26,429
369,369,1090291,17662,683,1.62,3.87,464575,835816,26.3,426.1,1.8,79.91,16.74,28.8,427
370,370,848079,32990,2180,3.89,6.61,1315728,2505540,39.88,1551.42,1.9,90.43,7.8,21.98,285
371,371,2352193,238277,23541,10.13,9.88,537682,1007723,2.26,228.59,1.87,87.42,7.3,58.17,150
372,372,560611,66600,10369,11.88,15.57,1032829,1925916,15.51,1842.33,1.86,86.47,15.08,21.02,395
373,373,3201252,246176,39954,7.69,16.23,247916,413647,1.01,77.44,1.67,66.85,5.29,39.37,410
374,374,3406296,407052,57272,11.95,14.07,297256,525310,0.73,87.27,1.77,76.72,17.08,59.58,350
375,375,790710,90931,9038,11.5,9.94,686238,1369799,7.55,867.88,2.0,99.61,2.78,31.34,238
376,376,744678,9382,217,1.26,2.31,516407,921270,55.04,693.46,1.78,78.4,16.72,58.3,365
377,377,4133705,113676,2057,2.75,1.81,1051848,2055626,9.25,254.46,1.95,95.43,6.31,34.65,93
378,378,4976031,192572,21664,3.87,11.25,498009,1053787,2.59,100.08,2.12,111.6,16.97,28.31,223
379,379,1082121,110159,16788,10.18,15.24,154026,254928,1.4,142.34,1.66,65.51,7.5,44.63,450
380,380,1041642,11666,753,1.12,6.45,1168495,2222126,100.16,1121.78,1.9,90.17,5.67,43.69,182
381,381,3869894,376540,39499,9.73,10.49,1290230,2273127,3.43,333.4,1.76,76.18,10.67,50.32,153
382,382,2628191,265184,42058,10.09,15.86,878027,1633305,3.31,334.08,1.86,86.02,13.01,24.49,310
383,383,2085805,147883,13220,7.09,8.94,674450,1116012,4.56,323.35,1.65,65.47,5.51,31.83,212
384,384,3265946,120513,9954,3.69,8.26,681913,1402149,5.66,208.79,2.06,105.62,5.99,69.35,306
385,385,4360207,63659,9790,1.46,15.38,424564,915275,6.67,97.37,2.16,115.58,11.34,41.82,31
386,386,4897362,419214,46071,8.56,10.99,905389,1479405,2.16,184.87,1.63,63.4,13.28,65.14,377
387,387,1553707,48941,7355,3.15,15.03,1463637,3128963,29.91,942.03,2.14,113.78,15.62,56.41,419
388,388,2629243,131462,2747,5.0,2.09,972956,1929663,7.4,370.05,1.98,98.33,2.88,34.99,253
389,389,2545449,170799,7190,6.71,4.21,651004,1354478,3.81,255.75,2.08,108.06,9.15,67.49,423
390,390,1318253,144216,3994,10.94,2.77,1088384,2076745,7.55,825.63,1.91,90.81,9.2,28.4,94
391,391,1450757,105760,9888,7.29,9.35,751799,1525700,7.11,518.21,2.03,102.94,12.87,47.8,146
392,392,2822648,60686,1571,2.15,2.59,561151,1187227,9.25,198.8,2.12,111.57,7.85,46.74,451
393,393,620944,70973,9198,11.43,12.96,959581,1945838,13.52,1545.36,2.03,102.78,7.69,34.82,172
394,394,2143931,179447,30434,8.37,16.96,1465366,3216624,8.17,683.49,2.2,119.51,5.5,37.32,177
395,395,2643499,116049,7078,4.39,6.1,1381128,3028951,11.9,522.46,2.19,119.31,14.62,58.28,117
396,396,4984450,394768,59609,7.92,15.1,713811,1552182,1.81,143.21,2.17,117.45,11.93,34.65,166
397,397,3435429,256283,8611,7.46,3.36,1159218,2520139,4.52,337.43,2.17,117.4,17.76,49.35,402
398,398,1167654,60484,7705,5.18,12.74,1329889,2554716,21.99,1138.94,1.92,92.1,16.63,31.7,84
399,399,2020861,86694,4412,4.29,5.09,961701,1900802,11.09,475.89,1.98,97.65,10.46,52.77,347
400,400,3168332,363407,46516,11.47,12.8,1157686,2362258,3.19,365.39,2.04,104.05,12.75,49.12,290
401,401,2460342,225613,20959,9.17,9.29,554265,904671,2.46,225.28,1.63,63.22,5.81,23.11,433
402,402,4446923,212118,31881,4.77,15.03,1063015,2543157,5.01,239.05,2.39,139.24,10.0,36.01,491
403,403,3936224,351111,51753,8.92,14.74,371242,668495,1.06,94.31,1.8,80.07,9.81,22.41,128
404,404,599278,65980,5925,11.01,8.98,444668,773099,6.74,742.01,1.74,73.86,3.65,37.27,466
405,405,4178225,308353,26055,7.38,8.45,1447618,3073148,4.69,346.47,2.12,112.29,17.79,55.72,438
406,406,605398,44557,2236,7.36,5.02,82206,139659,1.84,135.79,1.7,69.89,16.78,55.61,322
407,407,954746,89555,9582,9.38,10.7,565089,1112716,6.31,591.87,1.97,96.91,17.99,64.83,325
408,408,3909610,273672,27011,7.0,9.87,676107,1138902,2.47,172.93,1.68,68.45,15.52,30.4,320
409,409,4947508,309219,37168,6.25,12.02,1150063,2396156,3.72,232.45,2.08,108.35,7.76,63.36,223
410,410,3671553,160446,28094,4.37,17.51,520876,952734,3.25,141.87,1.83,82.91,3.23,68.73,206
411,411,1115077,23082,3725,2.07,16.14,656591,1434388,28.45,588.83,2.18,118.46,6.55,23.36,70
412,412,2638579,170979,17132,6.48,10.02,475942,812670,2.78,180.38,1.71,70.75,4.97,30.15,182
413,413,4953610,400747,20357,8.09,5.08,579260,1088950,1.45,116.94,1.88,87.99,11.52,34.01,77
414,414,1624211,133834,14895,8.24,11.13,1117441,2371321,8.35,687.99,2.12,112.21,12.99,61.77,62
415,415,3830780,300716,5894,7.85,1.96,1393629,2438153,4.63,363.8,1.75,74.95,2.04,29.62,390
416,416,3760092,133859,13292,3.56,9.93,1396848,2604004,10.44,371.49,1.86,86.42,5.01,40.59,477
417,417,4346752,129967,16583,2.99,12.76,609202,1175211,4.69,140.15,1.93,92.91,10.5,43.55,455
418,418,2074747,122825,8634,5.92,7.03,628795,1182952,5.12,303.07,1.88,88.13,2.87,47.92,321
419,419,4900924,486661,77135,9.93,15.85,277306,459468,0.57,56.58,1.66,65.69,15.09,60.7,200
420,420,1125975,108881,7142,9.67,6.56,220193,457957,2.02,195.56,2.08,107.98,3.22,26.14,370
421,421,2221352,242349,4677,10.91,1.93,297655,608853,1.23,134.0,2.05,104.55,2.25,49.64,417
422,422,1174142,93344,7206,7.95,7.72,1225905,2587517,13.13,1044.09,2.11,111.07,3.52,61.02,158
423,423,3041299,272500,11881,8.96,4.36,706477,1339127,2.59,232.29,1.9,89.55,3.92,22.06,490
424,424,1082532,63869,7274,5.9,11.39,126214,212342,1.98,116.59,1.68,68.24,7.29,31.46,456
425,425,1333213,97857,4609,7.34,4.71,683012,1400857,6.98,512.31,2.05,105.1,17.73,62.36,85
426,426,2893633,137447,24011,4.75,17.47,1421961,2451034,10.35,491.41,1.72,72.37,8.12,68.36,115
427,427,2920457,112145,16732,3.84,14.92,602467,1255480,5.37,206.29,2.08,108.39,16.75,31.15,376
428,428,3709084,319352,9899,8.61,3.1,1424670,2667552,4.46,384.1,1.87,87.24,9.12,36.26,465
429,429,1978869,213322,18281,10.78,8.57,701000,1401579,3.29,354.24,2.0,99.94,7.01,52.13,362
430,430,2765406,217637,25811,7.87,11.86,224800,357184,1.03,81.29,1.59,58.89,4.14,67.44,210
431,431,59373,6079,118,10.24,1.94,383960,740274,63.16,6466.91,1.93,92.8,13.0,65.93,202
432,432,85712,7688,507,8.97,6.59,1237972,2166946,161.03,14443.39,1.75,75.04,11.47,27.92,110
433,433,762171,15090,926,1.98,6.14,409809,670693,27.16,537.69,1.64,63.66,10.04,65.22,72
434,434,3150342,248246,14919,7.88,6.01,675780,1351019,2.72,214.51,2.0,99.92,15.91,53.2,185
435,435,657815,73609,10069,11.19,13.68,519168,917162,7.05,789.23,1.77,76.66,4.51,62.43,393
436,436,2363926,70208,12532,2.97,17.85,214426,375245,3.05,90.71,1.75,75.0,16.49,22.07,286
437,437,2880089,114627,10855,3.98,9.47,441093,837767,3.85,153.15,1.9,89.93,14.19,45.21,481
438,438,3845942,176913,2812,4.6,1.59,205151,364758,1.16,53.34,1.78,77.8,17.58,61.75,300
439,439,212855,15751,1033,7.4,6.56,770854,1626733,48.94,3621.5,2.11,111.03,3.59,38.49,366
440,440,4960074,284212,40471,5.73,14.24,952714,2066436,3.35,192.08,2.17,116.9,11.63,30.66,462
441,441,2364205,53903,6872,2.28,12.75,1280438,2437313,23.75,541.59,1.9,90.35,10.43,67.96,181
442,442,4062716,351831,59881,8.66,17.02,126392,207105,0.36,31.11,1.64,63.86,4.04,35.13,186
443,443,4223296,89111,8741,2.11,9.81,1399358,2662418,15.7,331.34,1.9,90.26,2.85,62.12,116
444,444,3128670,168009,4838,5.37,2.88,971753,1984999,5.78,310.6,2.04,104.27,15.75,36.31,41
445,445,1402411,141643,23583,10.1,16.65,467392,758857,3.3,333.28,1.62,62.36,3.99,63.39,310
446,446,867481,79114,1637,9.12,2.07,1325848,2974937,16.76,1528.39,2.24,124.38,4.03,41.56,106
447,447,180677,12972,814,7.18,6.28,530506,1085309,40.9,2936.21,2.05,104.58,7.0,58.87,303
448,448,2004519,105237,3578,5.25,3.4,551451,1119941,5.24,275.1,2.03,103.09,16.2,45.18,113
449,449,1482798,39738,6044,2.68,15.21,1438443,2484334,36.2,970.09,1.73,72.71,2.82,49.38,402
450,450,155211,1971,247,1.27,12.53,1128754,2733842,572.68,7272.38,2.42,142.2,11.64,22.78,225
451,451,4173749,244999,27366,5.87,11.17,976518,1816030,3.99,233.97,1.86,85.97,7.5,63.15,34
452,452,3543467,354346,55171,10.0,15.57,173145,265015,0.49,48.86,1.53,53.06,7.74,65.75,494
453,453,1364527,65770,8635,4.82,13.13,817122,1761388,12.42,598.83,2.16,115.56,15.95,59.85,293
454,454,2336846,233684,36945,10.0,15.81,73974,144678,0.32,31.66,1.96,95.58,2.35,69.9,227
455,455,3653838,134826,17648,3.69,13.09,786460,1336903,5.83,215.24,1.7,69.99,10.07,50.51,393
456,456,1212676,95801,11984,7.9,12.51,976306,1785077,10.19,805.08,1.83,82.84,12.36,39.06,304
457,457,226937,17451,2615,7.69,14.98,592424,1069443,33.95,2610.52,1.81,80.52,2.53,21.23,48
458,458,3432625,114306,9407,3.33,8.23,1177346,2465362,10.3,342.99,2.09,109.4,2.54,22.05,472
459,459,1487063,85952,9067,5.78,10.55,1121245,2094597,13.05,754.0,1.87,86.81,17.85,47.71,362
460,460,4476685,46557,3100,1.04,6.66,751410,1547153,16.14,167.85,2.06,105.9,17.37,20.83,192
461,461,2222653,41341,6391,1.86,15.46,449980,905539,10.88,202.45,2.01,101.24,8.47,37.68,47
462,462,4157342,119731,19540,2.88,16.32,1423218,2882443,11.89,342.34,2.03,102.53,5.66,68.72,373
463,463,1769344,34325,3236,1.94,9.43,163352,327047,4.76,92.32,2.0,100.21,9.07,25.08,135
464,464,1950547,66513,2374,3.41,3.57,765937,1657564,11.52,392.68,2.16,116.41,13.6,29.11,263
465,465,2357995,211747,21894,8.98,10.34,437109,866262,2.06,185.37,1.98,98.18,13.69,44.79,497
466,466,2450657,126208,17782,5.15,14.09,122629,265577,0.97,50.04,2.17,116.57,2.63,50.49,400
467,467,2179695,21796,588,1.0,2.7,194803,334866,8.94,89.37,1.72,71.9,5.1,41.8,276
468,468,775151,9301,463,1.2,4.98,1379018,3115477,148.27,1779.03,2.26,125.92,9.0,29.29,133
469,469,4112434,49349,8868,1.2,17.97,806087,1813453,16.33,196.01,2.25,124.97,14.82,61.35,403
470,470,3924638,139324,13249,3.55,9.51,866894,1826285,6.22,220.89,2.11,110.67,14.24,41.92,297
471,471,3305382,195348,12951,5.91,6.63,549371,1082315,2.81,166.2,1.97,97.01,15.72,30.85,92
472,472,4275034,450588,24466,10.54,5.43,195612,368787,0.43,45.76,1.89,88.53,17.7,43.93,117
473,473,1081385,22709,2990,2.1,13.17,941269,1910399,41.45,870.43,2.03,102.96,13.44,52.63,124
474,474,3007043,86302,1803,2.87,2.09,1297078,2249262,15.03,431.35,1.73,73.41,16.38,26.85,443
475,475,351049,15516,2634,4.42,16.98,983171,2195519,63.36,2800.67,2.23,123.31,7.36,69.85,282
476,476,3467248,330082,26769,9.52,8.11,750300,1472613,2.27,216.4,1.96,96.27,8.57,27.99,202
477,477,2945111,292155,19019,9.92,6.51,456921,865088,1.56,155.15,1.89,89.33,6.83,59.02,379
478,478,2166798,201728,17509,9.31,8.68,676877,1483985,3.36,312.39,2.19,119.24,9.96,25.65,243
479,479,2944873,160201,15859,5.44,9.9,1320467,2459633,8.24,448.4,1.86,86.27,10.21,60.1,57
480,480,4816775,47686,3500,0.99,7.34,975591,1867573,20.46,202.54,1.91,91.43,7.25,45.62,37
481,481,238980,9893,1306,4.14,13.2,187754,381610,18.98,785.65,2.03,103.25,4.69,28.75,290
482,482,3389395,78295,11908,2.31,15.21,1338583,2495118,17.1,394.93,1.86,86.4,13.72,49.23,306
483,483,565493,19396,1646,3.43,8.49,522042,934141,26.91,923.16,1.79,78.94,12.66,61.92,249
484,484,1123666,68206,9978,6.07,14.63,96389,161808,1.41,85.78,1.68,67.87,13.28,55.53,450
485,485,4905426,160897,5663,3.28,3.52,628561,1219156,3.91,128.14,1.94,93.96,4.82,52.75,455
486,486,412252,28074,488,6.81,1.74,477382,821908,17.0,1157.99,1.72,72.17,6.46,60.0,79
487,487,2232191,94644,16515,4.24,17.45,838981,1661098,8.86,375.86,1.98,97.99,9.19,38.32,93
488,488,3350733,305586,14637,9.12,4.79,568222,1075416,1.86,169.58,1.89,89.26,5.24,28.65,329
489,489,3784480,252803,21235,6.68,8.4,234831,496315,0.93,62.05,2.11,111.35,16.67,69.45,67
490,490,4786344,294838,51626,6.16,17.51,987594,2366176,3.35,206.34,2.4,139.59,17.66,31.13,443
491,491,2423317,269957,45865,11.14,16.99,1278755,2564926,4.74,527.69,2.01,100.58,3.0,38.63,239
492,492,2179107,213988,36527,9.82,17.07,951801,1753693,4.45,436.78,1.84,84.25,15.89,26.94,402
493,493,978139,14476,652,1.48,4.5,159993,316034,11.05,163.57,1.98,97.53,5.27,63.61,30
494,494,1816984,37793,4837,2.08,12.8,134588,247789,3.56,74.07,1.84,84.11,6.62,65.75,381
495,495,2426899,257493,36770,10.61,14.28,313055,541616,1.22,128.99,1.73,73.01,13.63,25.08,127
496,496,64578,2434,338,3.77,13.89,760870,1503022,312.6,11782.19,1.98,97.54,12.12,60.37,134
497,497,3978828,468308,48844,11.77,10.43,965787,1821281,2.06,242.73,1.89,88.58,13.43,50.29,201
498,498,3933983,391824,16143,9.96,4.12,1383174,2504098,3.53,351.6,1.81,81.04,6.19,46.53,452
499,499,3697120,282090,30465,7.63,10.8,759868,1727331,2.69,205.53,2.27,127.32,9.44,36.5,213
500,500,3657773,185814,25456,5.08,13.7,343667,585230,1.85,93.96,1.7,70.29,13.96,41.57,301
501,501,1355012,53929,4519,3.98,8.38,1399816,2970409,25.96,1033.07,2.12,112.2,13.73,59.2,253
502,502,3189491,60919,10185,1.91,16.72,881106,1491536,14.46,276.25,1.69,69.28,3.57,56.18,182
503,503,2640577,71295,3650,2.7,5.12,1245610,2475027,17.47,471.72,1.99,98.7,11.99,50.06,33
504,504,2021563,201751,5891,9.98,2.92,867513,1683322,4.3,429.13,1.94,94.04,13.89,45.37,447
505,505,1406251,47250,2130,3.36,4.51,1055117,2028567,22.33,750.3,1.92,92.26,3.78,31.04,423
506,506,3044577,325160,39376,10.68,12.11,1131539,2094252,3.48,371.66,1.85,85.08,9.46,26.9,389
507,507,676753,57388,5635,8.48,9.82,71798,108766,1.25,106.09,1.51,51.49,11.03,25.46,84
508,508,1327233,51894,3788,3.91,7.3,249806,451899,4.81,188.22,1.81,80.9,17.31,62.8,110
509,509,898774,31726,1500,3.53,4.73,56541,82776,1.78,62.91,1.46,46.4,3.27,61.54,49
510,510,4817422,243761,29763,5.06,12.21,438478,901510,1.8,91.02,2.06,105.6,3.56,23.21,459
511,511,3827283,252983,13231,6.61,5.23,926792,1887133,3.66,242.15,2.04,103.62,3.32,68.65,98
512,512,4772069,433303,71624,9.08,16.53,1224269,2455516,2.83,256.55,2.01,100.57,2.36,33.71,342
513,513,320407,4037,660,1.26,16.35,931192,1725685,230.66,2906.28,1.85,85.32,9.93,31.88,162
514,514,3079809,188484,16228,6.12,8.61,1339089,3112042,7.1,434.8,2.32,132.4,4.12,21.37,378
515,515,2700898,323567,42387,11.98,13.1,845946,1734443,2.61,313.21,2.05,105.03,2.9,60.03,445
516,516,4879948,578761,98736,11.86,17.06,1423967,2700268,2.46,291.8,1.9,89.63,3.55,42.12,322
517,517,2076038,156948,22537,7.56,14.36,472472,1012649,3.01,227.58,2.14,114.33,2.21,32.19,469
518,518,2951887,124569,3537,4.22,2.84,484188,1102786,3.89,164.03,2.28,127.76,8.0,50.08,289
519,519,4116549,421946,68777,10.25,16.3,99955,177680,0.24,24.28,1.78,77.76,14.17,60.52,433
520,520,3714214,137054,23641,3.69,17.25,456861,1005322,3.33,123.0,2.2,120.05,3.9,67.2,307
521,521,2096441,27044,4024,1.29,14.88,369870,655002,13.68,176.43,1.77,77.09,3.42,52.21,239
522,522,99569,3066,199,3.08,6.49,94992,175478,30.98,954.03,1.85,84.73,5.97,65.64,95
523,523,220586,6816,1040,3.09,15.26,964335,1846026,141.48,4371.7,1.91,91.43,15.45,22.73,323
524,524,2167154,191576,10402,8.84,5.43,995090,2068095,5.19,459.17,2.08,107.83,16.04,35.4,417
525,525,1518501,15033,2100,0.99,13.97,910770,1472259,60.58,599.78,1.62,61.65,9.66,57.31,466
526,526,326546,12833,970,3.93,7.56,1127968,2417009,87.9,3454.24,2.14,114.28,14.02,68.99,232
527,527,4289518,234636,40263,5.47,17.16,1294298,3033705,5.52,301.74,2.34,134.39,12.53,31.28,276
528,528,1293821,26264,4588,2.03,17.47,248203,432965,9.45,191.84,1.74,74.44,8.61,34.33,121
529,529,1698324,136035,11467,8.01,8.43,159086,291556,1.17,93.67,1.83,83.27,2.28,67.88,131
530,530,2208755,250031,20902,11.32,8.36,1007161,1880571,4.03,455.99,1.87,86.72,16.81,46.55,152
531,531,4736630,103258,8797,2.18,8.52,419366,825186,4.06,88.54,1.97,96.77,11.54,62.08,264
532,532,3036425,239877,37444,7.9,15.61,1037475,2222478,4.33,341.68,2.14,114.22,12.02,53.43,93
533,533,717538,68094,4501,9.49,6.61,1059545,1885036,15.56,1476.64,1.78,77.91,6.44,51.92,225
534,534,2701235,32955,5038,1.22,15.29,916591,2069845,27.81,339.32,2.26,125.82,4.76,63.11,116
535,535,2627973,174760,24798,6.65,14.19,167532,291823,0.96,63.75,1.74,74.19,11.92,41.45,251
536,536,1337631,105940,12289,7.92,11.6,1028719,1806430,9.71,769.06,1.76,75.6,3.91,58.73,46
537,537,758645,48249,4593,6.36,9.52,705443,1251808,14.62,929.87,1.77,77.45,6.38,27.52,32
538,538,101344,6435,496,6.35,7.71,113676,230330,17.67,1121.68,2.03,102.62,15.41,20.64,439
539,539,4229104,326486,7574,7.72,2.32,1168816,1998090,3.58,276.37,1.71,70.95,16.32,66.67,188
540,540,4663073,481229,77477,10.32,16.1,862034,1863545,1.79,184.86,2.16,116.18,9.06,56.95,130
541,541,1801412,169693,24690,9.42,14.55,411827,794743,2.43,228.61,1.93,92.98,3.25,38.95,77
542,542,2239348,131897,7267,5.89,5.51,1297252,2517317,9.84,579.3,1.94,94.05,3.61,67.62,216
543,543,1699203,202884,6187,11.94,3.05,1004782,1743698,4.95,591.33,1.74,73.54,7.6,26.02,271
544,544,413869,17837,3057,4.31,17.14,871787,1530334,48.88,2106.43,1.76,75.54,11.41,61.1,134
545,545,3387815,327601,46945,9.67,14.33,1041502,1964168,3.18,307.43,1.89,88.59,5.11,55.59,385
546,546,4694453,300444,12468,6.4,4.15,749546,1582816,2.49,159.67,2.11,111.17,7.54,53.45,353
547,547,385088,43630,2421,11.33,5.55,169747,263701,3.89,440.8,1.55,55.35,10.37,54.75,105
548,548,1339795,128754,14433,9.61,11.21,1425348,3290700,11.07,1063.86,2.31,130.87,15.82,43.21,343
549,549,2004653,62344,8379,3.11,13.44,1443006,2985723,23.15,719.83,2.07,106.91,6.83,53.86,277
550,550,838826,58298,6984,6.95,11.98,234323,395560,4.02,279.35,1.69,68.81,16.96,40.66,403
551,551,3127574,179835,19619,5.75,10.91,815437,1677353,4.53,260.73,2.06,105.7,8.34,66.75,160
552,552,3242717,284386,20589,8.77,7.24,1225056,2489436,4.31,377.79,2.03,103.21,12.82,48.86,454
553,553,1560437,52898,5242,3.39,9.91,938749,1918239,17.75,601.59,2.04,104.34,6.43,66.18,181
554,554,1550932,83129,10557,5.36,12.7,918037,1551574,11.04,591.93,1.69,69.01,5.3,24.28,32
555,555,4847067,549172,21472,11.33,3.91,320657,663471,0.58,66.15,2.07,106.91,10.83,36.15,60
556,556,3262390,177474,7365,5.44,4.15,1026375,1890788,5.78,314.61,1.84,84.22,13.18,34.01,62
557,557,3167395,361716,59393,11.42,16.42,478705,985079,1.32,151.14,2.06,105.78,8.43,65.13,478
558,558,589007,47473,6840,8.06,14.41,835226,1764164,17.59,1418.02,2.11,111.22,9.7,44.11,132
559,559,2840465,326653,21232,11.5,6.5,861336,1901313,2.64,303.24,2.21,120.74,9.47,46.77,250
560,560,491792,14360,861,2.92,6.0,191545,424061,13.34,389.48,2.21,121.39,10.71,24.15,130
561,561,3690889,108512,19434,2.94,17.91,1063305,1909589,9.8,288.09,1.8,79.59,2.61,68.7,457
562,562,494999,58657,2674,11.85,4.56,1454111,3335003,24.79,2937.6,2.29,129.35,5.87,62.65,218
563,563,4561352,442907,45885,9.71,10.36,583733,1201264,1.32,127.97,2.06,105.79,13.71,42.06,91
564,564,2023162,143037,16134,7.07,11.28,558133,1099912,3.9,275.87,1.97,97.07,14.11,21.14,343
565,565,1848235,46575,7158,2.52,15.37,561558,1231665,12.06,303.83,2.19,119.33,16.92,27.88,438
566,566,1863761,64486,4320,3.46,6.7,671923,1474266,10.42,360.52,2.19,119.41,4.44,56.21,174
567,567,224520,17220,661,7.67,3.84,1398308,2364538,81.2,6227.99,1.69,69.1,9.42,21.24,88
568,568,1238632,95250,16478,7.69,17.3,222007,353301,2.33,179.24,1.59,59.14,4.31,57.98,464
569,569,1704077,109742,1953,6.44,1.78,808819,1390117,7.37,474.64,1.72,71.87,2.03,27.0,155
570,570,3022144,157755,21123,5.22,13.39,825068,1604427,5.23,273.01,1.94,94.46,15.77,51.2,409
571,571,4253031,426153,26464,10.02,6.21,89799,148347,0.21,21.11,1.65,65.2,13.96,42.79,491
572,572,3130464,343724,38772,10.98,11.28,304699,518719,0.89,97.33,1.7,70.24,13.97,60.95,199
573,573,2003657,223808,26946,11.17,12.04,185236,334350,0.83,92.45,1.8,80.5,6.02,26.14,233
574,574,913433,42565,1796,4.66,4.22,1307327,2318805,30.71,1431.22,1.77,77.37,7.69,33.24,271
575,575,813736,50533,1960,6.21,3.88,1393116,2642601,27.57,1712.0,1.9,89.69,16.28,25.23,162
576,576,1083518,122112,19330,11.27,15.83,642974,1191045,5.27,593.41,1.85,85.24,2.52,68.7,216
577,577,4283013,190165,32784,4.44,17.24,1445942,2887256,7.6,337.6,2.0,99.68,12.71,52.26,190
578,578,1291774,107346,18656,8.31,17.38,273615,489360,2.55,211.81,1.79,78.85,11.26,21.07,185
579,579,2463840,195136,3746,7.92,1.92,378291,635112,1.94,153.54,1.68,67.89,3.37,66.23,231
580,580,224617,19968,2292,8.89,11.48,891182,1796890,44.63,3967.56,2.02,101.63,6.78,44.27,413
581,581,967516,31928,1021,3.3,3.2,1051272,2075841,32.93,1086.57,1.97,97.46,12.86,56.48,430
582,582,3724714,445103,14821,11.95,3.33,468702,1022285,1.05,125.84,2.18,118.11,5.63,50.3,199
583,583,1624760,29408,764,1.81,2.6,1266843,2295772,43.08,779.71,1.81,81.22,3.99,55.56,357
584,584,3772277,440601,11852,11.68,2.69,750793,1447904,1.7,199.03,1.93,92.85,3.73,56.46,173
585,585,2184650,112072,7744,5.13,6.91,1178033,2486003,10.51,539.23,2.11,111.03,14.43,56.77,397
586,586,3827617,448213,44731,11.71,9.98,55038,94318,0.12,14.38,1.71,71.37,17.17,45.6,392
587,587,701760,58175,3414,8.29,5.87,491384,805820,8.45,700.22,1.64,63.99,4.61,60.17,381
588,588,3185323,365675,58508,11.48,16.0,1447123,3268616,3.96,454.31,2.26,125.87,10.61,65.45,307
589,589,1048512,53159,4534,5.07,8.53,201975,419542,3.8,192.63,2.08,107.72,10.79,29.42,388
590,590,2866470,111219,11833,3.88,10.64,1030707,2190458,9.27,359.57,2.13,112.52,9.9,56.63,106
591,591,1015977,75791,2796,7.46,3.69,1153500,2661470,15.22,1135.36,2.31,130.73,6.98,23.41,251
592,592,3764667,333549,53267,8.86,15.97,145746,265068,0.44,38.71,1.82,81.87,7.17,52.26,478
593,593,3757044,328741,42308,8.75,12.87,1259604,2928579,3.83,335.26,2.32,132.5,4.36,67.33,33
594,594,4910370,313281,48401,6.38,15.45,1046691,2353066,3.34,213.16,2.25,124.81,14.24,39.14,55
595,595,3710524,253057,24015,6.82,9.49,629668,1331495,2.49,169.7,2.11,111.46,11.38,69.41,499
596,596,258485,28252,2084,10.93,7.38,221367,464649,7.84,856.4,2.1,109.9,17.1,68.31,492
597,597,1407551,14075,599,1.0,4.26,1164223,2487828,82.72,827.13,2.14,113.69,6.45,41.71,425
598,598,1435069,164315,26487,11.45,16.12,1197655,2502140,7.29,834.56,2.09,108.92,15.76,66.92,368
599,599,305859,36030,5220,11.78,14.49,701133,1430521,19.46,2292.34,2.04,104.03,6.1,36.73,266
600,600,1901707,159363,6884,8.38,4.32,166347,345718,1.04,87.47,2.08,107.83,2.78,25.21,263
601,601,986930,67506,11057,6.84,16.38,441578,836966,6.54,447.43,1.9,89.54,8.3,35.03,492
602,602,324104,17598,2254,5.43,12.81,495730,945307,28.17,1529.54,1.91,90.69,5.81,56.67,251
603,603,3680378,206101,35882,5.6,17.41,821277,1742174,3.98,223.15,2.12,112.13,17.84,48.28,287
604,604,2141585,229363,21078,10.71,9.19,1377094,2930318,6.0,643.03,2.13,112.79,14.39,69.3,166
605,605,1607973,51455,6097,3.2,11.85,377168,605769,7.33,234.56,1.61,60.61,14.53,56.11,84
606,606,4655912,483283,13290,10.38,2.75,301915,622548,0.62,64.85,2.06,106.2,5.98,43.12,421
607,607,2795500,164095,12356,5.87,7.53,1369103,2673036,8.34,489.75,1.95,95.24,8.03,27.26,489
608,608,832214,26464,4723,3.18,17.85,1382812,3249608,52.25,1661.61,2.35,135.0,17.73,56.62,304
609,609,1858525,179347,23243,9.65,12.96,833168,1720325,4.65,448.3,2.06,106.48,7.71,35.9,309
610,610,3907044,425867,45525,10.9,10.69,1087531,2048908,2.55,278.35,1.88,88.4,3.84,69.09,442
611,611,4537841,198303,6187,4.37,3.12,1397318,3131808,7.05,307.93,2.24,124.13,8.34,20.14,374
612,612,1965813,47376,8295,2.41,17.51,176738,370460,3.73,89.91,2.1,109.61,17.06,52.07,313
613,613,2084751,173451,5949,8.32,3.43,357941,662083,2.06,171.69,1.85,84.97,3.84,59.58,425
614,614,1524918,177500,27672,11.64,15.59,950118,1779285,5.35,623.06,1.87,87.27,17.86,48.99,212
615,615,2714568,81165,3855,2.99,4.75,1394107,2403161,17.18,513.56,1.72,72.38,5.25,20.8,102
616,616,614111,43110,2586,7.02,6.0,430759,942371,9.99,701.44,2.19,118.77,12.5,25.88,224
617,617,1289257,60208,7766,4.67,12.9,261696,499630,4.35,202.98,1.91,90.92,6.33,59.76,132
618,618,3053693,46416,807,1.52,1.74,991928,1677251,21.37,324.83,1.69,69.09,4.69,66.51,441
619,619,2407388,214498,15701,8.91,7.32,1058841,2192224,4.94,439.83,2.07,107.04,10.7,37.5,474
620,620,4547993,359746,42486,7.91,11.81,1053899,2172612,2.93,231.73,2.06,106.15,3.52,25.84,385
621,621,3583911,73111,3947,2.04,5.4,400822,837758,5.48,111.84,2.09,109.01,12.3,26.15,187
622,622,451343,32677,5345,7.24,16.36,1074265,2006619,32.88,2380.15,1.87,86.79,17.48,28.12,324
623,623,4632709,455858,14405,9.84,3.16,255751,538995,0.56,55.21,2.11,110.75,5.97,28.89,91
624,624,3020941,115399,12059,3.82,10.45,816772,1698640,7.08,270.37,2.08,107.97,15.0,48.67,448
625,625,1064680,112643,17820,10.58,15.82,402223,828096,3.57,377.79,2.06,105.88,7.8,38.79,355
626,626,1605379,171454,7869,10.68,4.59,497756,866493,2.9,310.06,1.74,74.08,14.38,29.51,313
627,627,2592991,57305,4739,2.21,8.27,573319,1216468,10.0,221.1,2.12,112.18,8.54,64.02,206
628,628,841005,80063,3146,9.52,3.93,1063273,2068172,13.28,1264.29,1.95,94.51,17.65,25.06,140
629,629,1322598,53432,919,4.04,1.72,1020085,2253265,19.09,771.27,2.21,120.89,10.52,36.75,155
630,630,3167832,133999,5172,4.23,3.86,660623,1228296,4.93,208.54,1.86,85.93,9.02,39.14,112
631,631,4841241,262879,27023,5.43,10.28,1428814,3544030,5.44,295.13,2.48,148.04,6.48,30.33,54
632,632,1593895,117470,16692,7.37,14.21,1071269,2065620,9.12,672.11,1.93,92.82,10.21,50.42,310
633,633,2226041,156268,3594,7.02,2.3,595358,1249418,3.81,267.45,2.1,109.86,15.5,69.32,141
634,634,823091,35392,6211,4.3,17.55,559588,1088622,15.81,679.86,1.95,94.54,3.66,62.67,214
635,635,2046425,193591,3949,9.46,2.04,1120637,2514709,5.79,547.61,2.24,124.4,6.24,61.83,373
636,636,568695,65570,2052,11.53,3.13,1450563,2792478,22.12,2550.69,1.93,92.51,10.68,40.92,333
637,637,2691197,305450,33049,11.35,10.82,74576,130164,0.24,27.71,1.75,74.54,11.55,36.11,380
638,638,1931614,172106,25523,8.91,14.83,637451,1071300,3.7,330.01,1.68,68.06,4.31,61.15,440
639,639,4587331,480752,77208,10.48,16.06,1048593,2248917,2.18,228.58,2.14,114.47,10.13,62.24,119
640,640,2036029,100783,15419,4.95,15.3,1103753,2020088,10.95,542.11,1.83,83.02,15.08,27.95,395
641,641,2226089,39624,5507,1.78,13.9,894432,1808541,22.57,401.8,2.02,102.2,15.7,36.01,74
642,642,4316429,485166,52883,11.24,10.9,1084165,2271325,2.23,251.17,2.09,109.5,8.93,49.8,449
643,643,3038319,308085,25386,10.14,8.24,497070,884635,1.61,163.6,1.78,77.97,14.89,59.46,457
644,644,3944240,420061,25539,10.65,6.08,896809,2152610,2.13,227.37,2.4,140.03,4.92,20.7,345
645,645,4176034,437648,71993,10.48,16.45,497395,813539,1.14,119.11,1.64,63.56,10.8,25.65,119
646,646,3554154,205074,22312,5.77,10.88,1294233,3079239,6.31,364.15,2.38,137.92,14.15,30.91,43
647,647,4220313,446509,68226,10.58,15.28,927175,1738082,2.08,219.69,1.87,87.46,4.0,27.34,97
648,648,3377192,368451,29844,10.91,8.1,522047,994342,1.42,154.58,1.9,90.47,10.45,36.12,79
649,649,3700246,141349,3406,3.82,2.41,146270,252959,1.03,39.53,1.73,72.94,3.72,35.03,367
650,650,1654037,93287,9048,5.64,9.7,215777,497258,2.31,130.45,2.3,130.45,2.67,26.3,204
651,651,1713686,185934,31794,10.85,17.1,567113,974923,3.05,330.93,1.72,71.91,5.23,50.78,161
652,652,4572809,516727,90788,11.3,17.57,258336,503961,0.5,56.49,1.95,95.08,12.76,63.08,143
653,653,1809730,25698,2400,1.42,9.34,777484,1379023,30.25,429.61,1.77,77.37,17.55,69.35,115
654,654,3801401,284344,13676,7.48,4.81,461799,879172,1.62,121.48,1.9,90.38,10.78,21.02,227
655,655,467367,3738,456,0.8,12.2,1354745,2677924,362.43,2898.67,1.98,97.67,7.5,47.38,216
656,656,2243664,19295,1852,0.86,9.6,920645,1824626,47.71,410.33,1.98,98.19,10.76,57.14,176
657,657,3424583,213693,27630,6.24,12.93,402148,716949,1.88,117.43,1.78,78.28,12.02,21.63,419
658,658,3462229,257589,14605,7.44,5.67,632255,1319389,2.45,182.62,2.09,108.68,15.74,41.09,440
659,659,3966368,207837,7814,5.24,3.76,116244,190024,0.56,29.31,1.63,63.47,16.55,49.52,270
660,660,4837741,233179,12894,4.82,5.53,1468229,2789781,6.3,303.49,1.9,90.01,9.74,44.85,258
661,661,2216286,111035,6762,5.01,6.09,1377076,2753188,12.4,621.34,2.0,99.93,6.91,22.94,312
662,662,280610,9961,155,3.55,1.56,1100189,2217871,110.45,3920.7,2.02,101.59,11.85,62.09,148
663,663,2782087,250387,36806,9.0,14.7,604345,1088425,2.41,217.23,1.8,80.1,15.44,26.27,157
664,664,2401256,54988,7137,2.29,12.98,1066090,2056594,19.39,443.97,1.93,92.91,13.88,53.82,404
665,665,180257,9301,1626,5.16,17.48,1052570,2351967,113.17,5839.27,2.23,123.45,8.46,39.54,167
666,666,1204481,114787,17527,9.53,15.27,422424,773162,3.68,350.71,1.83,83.03,2.21,44.99,312
667,667,1798133,145828,2683,8.11,1.84,1243231,2367733,8.53,691.4,1.9,90.45,7.79,48.48,90
668,668,3783733,274699,28651,7.26,10.43,1478258,2776464,5.38,390.69,1.88,87.82,13.78,62.2,483
669,669,642267,71676,8687,11.16,12.12,643035,1389019,8.97,1001.2,2.16,116.01,17.59,69.29,35
670,670,4064438,442617,47758,10.89,10.79,960312,2123345,2.17,236.27,2.21,121.11,8.19,49.85,284
671,671,4736220,153453,25841,3.24,16.84,1112063,2374810,7.25,234.8,2.14,113.55,8.58,28.59,397
672,672,3512650,369882,62510,10.53,16.9,148618,281423,0.4,42.31,1.89,89.36,12.92,35.82,93
673,673,4943012,447342,12615,9.05,2.82,73350,142064,0.16,14.84,1.94,93.68,9.12,45.95,443
674,674,1741767,84824,12876,4.87,15.18,1404897,2558457,16.56,806.59,1.82,82.11,9.62,34.98,493
675,675,3014750,198672,28986,6.59,14.59,878040,1641583,4.42,291.25,1.87,86.96,2.43,52.56,66
676,676,959909,38396,6830,4.0,17.79,1181224,2684804,30.76,1230.56,2.27,127.29,16.59,23.38,66
677,677,1167421,94327,15686,8.08,16.63,293921,480854,3.12,251.77,1.64,63.6,15.37,34.2,339
678,678,4690022,77854,5823,1.66,7.48,1209646,2667027,15.54,257.92,2.2,120.48,17.17,51.97,305
679,679,660329,37902,3202,5.74,8.45,510752,953880,13.48,773.48,1.87,86.76,14.19,48.97,488
680,680,4130497,420484,21024,10.18,5.0,1299063,2693347,3.09,314.51,2.07,107.33,6.36,40.13,488
681,681,3897682,74835,3951,1.92,5.28,867461,1525863,11.59,222.56,1.76,75.9,2.65,25.43,176
682,682,4296898,140938,23142,3.28,16.42,135165,282602,0.96,31.46,2.09,109.08,3.35,26.92,52
683,683,166430,19488,1666,11.71,8.55,649866,1277051,33.35,3904.74,1.97,96.51,16.71,27.16,85
684,684,3277432,44573,2790,1.36,6.26,486541,838407,10.92,148.45,1.72,72.32,14.84,32.17,41
685,685,3561159,140309,23066,3.94,16.44,654451,1312108,4.66,183.77,2.0,100.49,5.67,38.04,362
686,686,1067929,80521,5153,7.54,6.4,161552,295284,2.01,151.28,1.83,82.78,12.68,61.98,389
687,687,4282192,190557,7431,4.45,3.9,725173,1339684,3.81,169.35,1.85,84.74,7.71,49.01,147
688,688,1314378,101075,8075,7.69,7.99,454582,736786,4.5,345.85,1.62,62.08,6.71,38.68,84
689,689,2317353,85510,2881,3.69,3.37,1416346,2574350,16.56,611.19,1.82,81.76,2.68,24.17,405
690,690,3754154,253405,41228,6.75,16.27,486082,820749,1.92,129.48,1.69,68.85,10.18,52.28,303
691,691,848479,86629,10975,10.21,12.67,975281,1786617,11.26,1149.45,1.83,83.19,17.23,36.82,412
692,692,1174721,10572,228,0.9,2.16,171407,340688,16.21,145.91,1.99,98.76,14.26,42.72,480
693,693,4608286,195852,31179,4.25,15.92,1185974,2349058,6.06,257.36,1.98,98.07,9.79,38.09,303
694,694,4560950,418695,38813,9.18,9.27,242308,383064,0.58,53.13,1.58,58.09,7.52,60.73,221
695,695,3554422,342646,46051,9.64,13.44,889960,1793625,2.6,250.38,2.02,101.54,16.26,23.53,337
696,696,1136233,75900,6185,6.68,8.15,545767,1067301,7.19,480.33,1.96,95.56,4.4,28.25,437
697,697,2971689,111438,5961,3.75,5.35,580820,1018061,5.21,195.45,1.75,75.28,5.27,62.97,455
698,698,2029808,175984,9819,8.67,5.58,436864,834716,2.48,215.22,1.91,91.07,15.43,59.58,197
699,699,2095805,20119,2897,0.96,14.4,590817,1013782,29.37,281.9,1.72,71.59,17.79,53.54,111
700,700,2617003,139224,18683,5.32,13.42,1316665,2516936,9.46,503.12,1.91,91.16,9.89,36.33,45
701,701,237874,11394,525,4.79,4.61,1109099,2345300,97.34,4662.55,2.11,111.46,6.94,37.31,135
702,702,2142734,86995,8890,4.06,10.22,1385320,2895872,15.92,646.52,2.09,109.04,16.32,48.37,196
703,703,420921,48237,7775,11.46,16.12,420604,862574,8.72,999.25,2.05,105.08,12.33,41.7,112
704,704,562366,51681,3441,9.19,6.66,367416,631294,7.11,653.34,1.72,71.82,17.14,36.6,430
705,705,3413601,372423,42195,10.91,11.33,325947,609814,0.88,95.48,1.87,87.09,15.14,56.9,189
706,706,3197484,176501,2965,5.52,1.68,913288,1644375,5.17,285.63,1.8,80.05,10.35,57.39,375
707,707,1142972,35889,2505,3.14,6.98,693667,1171326,19.33,606.9,1.69,68.86,13.73,58.82,461
708,708,1096939,63073,5758,5.75,9.13,854017,1934006,13.54,778.55,2.26,126.46,6.99,68.34,206
709,709,1329431,156872,18918,11.8,12.06,1346407,2364425,8.58,1012.77,1.76,75.61,3.64,57.79,199
710,710,4683203,125041,13942,2.67,11.15,1261853,2795761,10.09,269.44,2.22,121.56,13.83,35.5,211
711,711,2577926,294141,28502,11.41,9.69,210538,369662,0.72,81.67,1.76,75.58,13.18,59.66,253
712,712,743411,86012,5177,11.57,6.02,516919,1117061,6.01,695.33,2.16,116.1,3.79,45.3,307
713,713,874569,89380,3888,10.22,4.35,347613,646351,3.89,397.47,1.86,85.94,2.44,61.25,200
714,714,332041,16568,1401,4.99,8.46,142122,269477,8.58,428.03,1.9,89.61,8.26,23.46,120
715,715,4383653,241977,25383,5.52,10.49,428461,799465,1.77,97.74,1.87,86.59,3.39,31.29,45
716,716,1572125,84108,6787,5.35,8.07,914168,1983013,10.87,581.49,2.17,116.92,11.57,28.74,104
717,717,2541476,273716,8129,10.77,2.97,1287523,2974435,4.7,506.6,2.31,131.02,2.96,35.15,159
718,718,470429,35141,3478,7.47,9.9,835235,1747645,23.77,1775.48,2.09,109.24,8.3,32.49,146
719,719,3366458,360547,7030,10.71,1.95,561037,972894,1.56,166.65,1.73,73.41,15.83,38.07,150
720,720,1185562,13041,1472,1.1,11.29,1173054,2443471,89.95,989.45,2.08,108.3,2.11,43.44,242
721,721,2453730,241447,15742,9.84,6.52,992027,1852412,4.11,404.29,1.87,86.73,4.8,48.67,123
722,722,3376040,329501,54796,9.76,16.63,573425,1015879,1.74,169.85,1.77,77.16,17.61,66.89,454
723,723,3457861,60166,6022,1.74,10.01,378556,700782,6.29,109.48,1.85,85.12,16.85,61.94,87
724,724,595120,5177,721,0.87,13.93,448269,799398,86.59,753.24,1.78,78.33,11.96,27.91,318
725,725,3275080,31113,631,0.95,2.03,566271,1094035,18.2,172.9,1.93,93.2,7.86,51.5,222
726,726,2484980,122261,2616,4.92,2.14,237804,407453,1.95,95.7,1.71,71.34,7.82,35.93,221
727,727,592981,39729,4612,6.7,11.61,1214777,2557712,30.58,2048.59,2.11,110.55,16.61,29.49,179
728,728,4406386,485583,51277,11.02,10.56,663888,1355858,1.37,150.66,2.04,104.23,9.06,31.17,301
729,729,2973283,172450,4983,5.8,2.89,1464031,2478165,8.49,492.4,1.69,69.27,9.55,23.65,433
730,730,63639,1120,187,1.76,16.7,1022217,1892736,912.69,16062.74,1.85,85.16,17.17,61.5,445
731,731,4386914,384732,19005,8.77,4.94,1338566,2501244,3.48,305.13,1.87,86.86,11.94,23.71,340
732,732,3361586,318678,17845,9.48,5.6,1001676,1873334,3.14,297.98,1.87,87.02,8.79,58.86,428
733,733,4326361,439558,46021,10.16,10.47,478129,876601,1.09,110.52,1.83,83.34,8.62,61.3,187
734,734,4270656,86267,9963,2.02,11.55,884637,1753085,10.25,207.14,1.98,98.17,15.7,55.76,148
735,735,2100595,155233,5681,7.39,3.66,433323,771878,2.79,206.29,1.78,78.13,4.86,61.07,75
736,736,3530287,242883,25478,6.88,10.49,723002,1231706,2.98,204.8,1.7,70.36,13.15,36.42,232
737,737,4350553,337167,51417,7.75,15.25,1038341,2192353,3.08,238.67,2.11,111.14,11.41,35.08,296
738,738,2345873,67091,1798,2.86,2.68,721977,1226855,10.76,307.76,1.7,69.93,9.34,46.6,378
739,739,3616117,221667,7248,6.13,3.27,313317,521077,1.41,86.64,1.66,66.31,3.98,22.98,113
740,740,3860044,304943,10916,7.9,3.58,296915,613129,0.97,76.92,2.06,106.5,17.97,51.96,255
741,741,120439,11393,1096,9.46,9.62,521688,1015257,45.79,4331.55,1.95,94.61,17.54,37.22,347
742,742,4784958,88043,8909,1.84,10.12,175946,349551,2.0,36.77,1.99,98.67,17.11,25.93,62
743,743,2012378,110077,16764,5.47,15.23,478489,893051,4.35,237.77,1.87,86.64,6.85,29.15,465
744,744,1336278,28462,3423,2.13,12.03,296493,622931,10.42,221.88,2.1,110.1,7.24,22.58,491
745,745,1740094,51506,891,2.96,1.73,1001014,2175203,19.43,575.26,2.17,117.3,16.17,47.28,493
746,746,208419,20174,3133,9.68,15.53,968896,1868709,48.03,4648.79,1.93,92.87,7.18,36.73,50
747,747,4173665,84308,6533,2.02,7.75,918045,1923487,10.89,219.96,2.1,109.52,17.06,42.37,203
748,748,1046215,60157,9468,5.75,15.74,1272951,3035988,21.16,1216.72,2.38,138.5,12.65,68.73,421
749,749,1987121,207058,6191,10.42,2.99,1105500,2701842,5.34,556.33,2.44,144.4,9.54,23.33,47
750,750,168229,11002,1156,6.54,10.51,1365893,2678106,124.15,8119.25,1.96,96.07,9.25,65.38,152
751,751,2435798,29229,4208,1.2,14.4,139729,280156,4.78,57.36,2.0,100.5,17.15,69.58,480
752,752,4380477,449436,51999,10.26,11.57,675580,1450470,1.5,154.23,2.15,114.7,10.0,31.84,309
753,753,2571015,301837,46573,11.74,15.43,617125,1047384,2.04,240.03,1.7,69.72,4.53,66.93,214
754,754,1262487,33582,5829,2.66,17.36,1441622,2799197,42.93,1141.89,1.94,94.17,9.79,20.3,438
755,755,2841198,305712,13818,10.76,4.52,1332908,2453350,4.36,469.14,1.84,84.06,4.28,66.96,94
756,756,4507232,256010,13978,5.68,5.46,921602,2082636,3.6,204.47,2.26,125.98,14.52,29.25,146
757,757,2533798,294173,20915,11.61,7.11,591343,1022727,2.01,233.38,1.73,72.95,11.87,52.13,393
758,758,3369907,280039,45954,8.31,16.41,1245874,2410267,4.45,369.71,1.93,93.46,13.51,66.18,274
759,759,559595,48181,1382,8.61,2.87,358447,688970,7.44,640.55,1.92,92.21,11.59,36.96,132
760,760,4152592,188112,17814,4.53,9.47,184595,326640,0.98,44.45,1.77,76.95,12.2,45.85,61
761,761,1194628,29626,5282,2.48,17.83,1159647,2491037,39.14,970.72,2.15,114.81,2.08,31.76,45
762,762,1212254,50672,3313,4.18,6.54,339068,574652,6.69,279.7,1.69,69.48,6.31,48.03,359
763,763,449299,28665,1473,6.38,5.14,102206,190399,3.57,227.48,1.86,86.29,16.26,52.53,387
764,764,2708794,246229,24992,9.09,10.15,128928,233179,0.52,47.6,1.81,80.86,5.94,48.36,369
765,765,838765,37157,5759,4.43,15.5,873389,1774726,23.51,1041.28,2.03,103.2,5.98,65.1,158
766,766,1525392,81150,6913,5.32,8.52,380191,793116,4.69,249.24,2.09,108.61,17.71,29.48,161
767,767,3432609,153780,10487,4.48,6.82,1288741,2958176,8.38,375.44,2.3,129.54,14.84,54.71,390
768,768,766381,43453,7069,5.67,16.27,1372548,2883723,31.59,1790.95,2.1,110.1,14.8,22.3,378
769,769,930793,94289,2753,10.13,2.92,794820,1834365,8.43,853.92,2.31,130.79,11.75,64.56,137
770,770,828265,18635,2677,2.25,14.37,1398291,2735756,75.04,1688.22,1.96,95.65,16.18,27.17,387
771,771,4570307,200179,14452,4.38,7.22,421528,899161,2.11,92.23,2.13,113.31,7.92,51.82,326
772,772,3338809,126206,10273,3.78,8.14,460631,932317,3.65,137.96,2.02,102.4,14.21,54.76,216
773,773,1613095,50328,2033,3.12,4.04,316037,586754,6.28,195.92,1.86,85.66,9.3,33.09,45
774,774,675181,35582,6258,5.27,17.59,116238,200487,3.27,172.16,1.72,72.48,13.34,29.68,340
775,775,3786058,77235,10689,2.04,13.84,1223315,2218114,15.84,323.11,1.81,81.32,4.32,30.15,73
776,776,1556199,82634,4792,5.31,5.8,852130,1874089,10.31,547.57,2.2,119.93,15.83,66.49,352
777,777,1062047,122347,12222,11.52,9.99,635264,1297145,5.19,598.15,2.04,104.19,12.7,63.91,302
778,778,3439523,398296,43732,11.58,10.98,1351717,2816167,3.39,393.0,2.08,108.34,14.86,63.76,264
779,779,3174646,217463,26965,6.85,12.4,1142803,2008819,5.26,359.98,1.76,75.78,12.84,46.4,125
780,780,4173167,413978,51250,9.92,12.38,333274,703241,0.81,79.86,2.11,111.01,5.25,63.8,326
781,781,3046270,326864,45270,10.73,13.85,1412275,2645614,4.32,463.61,1.87,87.33,6.65,67.29,405
782,782,4894260,282398,8415,5.77,2.98,1448941,3049586,5.13,296.05,2.1,110.47,13.59,24.76,190
783,783,821841,34024,581,4.14,1.71,520471,1074564,15.3,633.3,2.06,106.46,14.84,58.28,316
784,784,2708681,51735,915,1.91,1.77,117282,215974,2.27,43.3,1.84,84.15,5.53,26.92,282
785,785,587222,24193,3002,4.12,12.41,328188,533338,13.57,558.88,1.63,62.51,4.49,34.49,421
786,786,3208814,49094,5086,1.53,10.36,302703,616363,6.17,94.33,2.04,103.62,9.24,54.64,456
787,787,904691,51476,7433,5.69,14.44,851605,1908617,16.54,941.32,2.24,124.12,2.21,54.6,64
788,788,1072790,9976,1711,0.93,17.15,67020,115059,6.72,62.47,1.72,71.68,6.67,64.99,108
789,789,316236,21156,3054,6.69,14.44,938040,2103554,44.34,2966.27,2.24,124.25,3.79,40.25,326
790,790,4151939,430140,16861,10.36,3.92,579258,1260349,1.35,139.52,2.18,117.58,17.79,48.84,183
791,791,3344725,357216,47652,10.68,13.34,419318,762655,1.17,125.37,1.82,81.88,14.56,59.95,117
792,792,241722,16074,2505,6.65,15.58,905292,1502151,56.32,3745.18,1.66,65.93,2.04,51.33,81
793,793,4073916,356875,39220,8.76,10.99,1225577,2549445,3.43,300.84,2.08,108.02,4.6,64.48,378
794,794,3727973,411195,35074,11.03,8.53,584774,1165337,1.42,156.86,1.99,99.28,14.41,56.34,494
795,795,4536763,118409,5742,2.61,4.85,1166801,2081923,9.85,257.19,1.78,78.43,10.53,56.93,411
796,796,3922813,217323,37053,5.54,17.05,566989,1100412,2.61,144.54,1.94,94.08,11.38,48.39,497
797,797,217960,22166,2411,10.17,10.88,1317549,2942482,59.44,6044.91,2.23,123.33,10.42,22.85,238
798,798,4257933,253347,14111,5.95,5.57,676363,1293814,2.67,158.85,1.91,91.29,13.44,64.73,287
799,799,4624186,461493,25566,9.98,5.54,1099243,2072292,2.38,237.72,1.89,88.52,7.63,61.19,475
800,800,2338183,120182,7475,5.14,6.22,228533,463099,1.9,97.74,2.03,102.64,3.71,65.05,153
801,801,2255380,90440,4187,4.01,4.63,867917,1635329,9.6,384.82,1.88,88.42,17.56,26.97,358
802,802,867621,62815,8266,7.24,13.16,634928,1133536,10.11,731.8,1.79,78.53,8.46,66.8,393
803,803,4516829,82206,1923,1.82,2.34,714561,1509938,8.69,158.2,2.11,111.31,12.01,57.56,480
804,804,3362456,162742,27373,4.84,16.82,1204378,2628434,7.4,358.18,2.18,118.24,13.83,42.87,63
805,805,4639969,47327,5967,1.02,12.61,1152314,2465260,24.35,248.35,2.14,113.94,8.15,22.28,200
806,806,2636176,159488,5932,6.05,3.72,1458767,3138099,9.15,553.36,2.15,115.12,4.61,47.84,165
807,807,4118283,465365,25967,11.3,5.58,215385,356936,0.46,52.3,1.66,65.72,3.5,64.07,199
808,808,1038090,75053,9952,7.23,13.26,153785,244518,2.05,148.14,1.59,59.0,7.62,25.75,400
809,809,1956337,199350,13037,10.19,6.54,881510,1632732,4.42,450.59,1.85,85.22,13.3,33.98,192
810,810,2063909,98035,16038,4.75,16.36,1435468,3395886,14.64,695.51,2.37,136.57,17.94,30.36,130
811,811,529789,29085,2893,5.49,9.95,320269,701068,11.01,604.52,2.19,118.9,4.23,65.98,460
812,812,1644687,98352,12480,5.98,12.69,517219,930476,5.26,314.48,1.8,79.9,11.23,30.09,277
813,813,604929,10344,1090,1.71,10.54,1307120,2628879,126.37,2160.78,2.01,101.12,3.22,48.53,37
814,814,4502089,249865,11518,5.55,4.61,302733,529631,1.21,67.24,1.75,74.95,16.68,69.77,190
815,815,139003,8812,396,6.34,4.49,918591,1546907,104.24,6608.43,1.68,68.4,9.7,46.09,182
816,816,1421567,73210,2679,5.15,3.66,518669,1058966,7.08,364.86,2.04,104.17,4.99,50.34,297
817,817,2339309,179425,19413,7.67,10.82,1286694,2339209,7.17,550.03,1.82,81.8,2.18,32.43,375
818,818,333218,29689,540,8.91,1.82,1052458,2105336,35.45,3158.47,2.0,100.04,12.6,35.6,450
819,819,1194319,135316,17415,11.33,12.87,459770,798344,3.4,384.96,1.74,73.64,16.51,54.77,236
820,820,805128,26247,4716,3.26,17.97,459495,796902,17.51,570.71,1.73,73.43,8.22,67.23,266
821,821,3352903,276279,45696,8.24,16.54,448582,891287,1.62,133.79,1.99,98.69,17.14,57.7,65
822,822,184638,3341,101,1.81,3.02,1252136,2715382,374.78,6781.57,2.17,116.86,3.59,46.26,465
823,823,1863510,152062,7070,8.16,4.65,936422,1695392,6.16,502.5,1.81,81.05,2.61,60.46,217
824,824,2331329,141511,3735,6.07,2.64,400154,665896,2.83,171.64,1.66,66.41,15.58,47.27,271
825,825,2207150,53413,7995,2.42,14.97,1422698,2826047,26.64,644.59,1.99,98.64,4.53,28.93,379
826,826,353393,32900,1408,9.31,4.28,942715,1969331,28.65,2667.61,2.09,108.9,12.88,53.86,307
827,827,2874835,333768,23096,11.61,6.92,1210368,2424003,3.63,421.02,2.0,100.27,4.49,42.41,93
828,828,4175897,108990,7542,2.61,6.92,1366246,3324213,12.54,327.17,2.43,143.31,10.83,45.7,239
829,829,3464648,220351,24943,6.36,11.32,592940,1225606,2.69,171.14,2.07,106.7,14.97,21.18,148
830,830,4371906,241766,21928,5.53,9.07,872990,1479281,3.61,199.68,1.69,69.45,12.09,54.64,175
831,831,4628139,426714,68444,9.22,16.04,1312887,2354400,3.08,283.67,1.79,79.33,4.91,51.06,309
832,832,1396584,49439,5606,3.54,11.34,332068,574643,6.72,237.77,1.73,73.05,12.13,23.68,172
833,833,4736671,347671,41720,7.34,12.0,1416688,2662098,4.07,299.09,1.88,87.91,8.52,37.03,284
834,834,2379415,23556,588,0.99,2.5,967056,1877539,41.05,406.43,1.94,94.15,3.88,32.03,257
835,835,3788296,210250,7190,5.55,3.42,1289640,2981260,6.13,340.43,2.31,131.17,16.46,37.04,193
836,836,3055029,50407,4763,1.65,9.45,498193,978949,9.88,163.07,1.96,96.5,9.37,41.46,400
837,837,1901743,48684,8271,2.56,16.99,1064011,1882661,21.86,559.49,1.77,76.94,6.89,59.21,382
838,838,4984350,322985,29908,6.48,9.26,1480349,3144261,4.58,297.0,2.12,112.4,15.42,35.05,345
839,839,3053903,68712,3476,2.25,5.06,587803,1164731,8.55,192.48,1.98,98.15,4.1,60.91,78
840,840,4986537,425351,76052,8.53,17.88,916136,1779227,2.15,183.72,1.94,94.21,17.65,68.77,284
841,841,4822663,502521,9095,10.42,1.81,502677,1086435,1.0,104.23,2.16,116.13,6.31,43.76,412
842,842,4048248,309286,5907,7.64,1.91,429292,793503,1.39,106.04,1.85,84.84,17.62,69.3,141
843,843,497825,41717,7458,8.38,17.88,236576,489688,5.67,475.22,2.07,106.99,14.94,34.86,65
844,844,2134226,48233,5971,2.26,12.38,979042,1626580,20.3,458.73,1.66,66.14,4.91,64.44,125
845,845,1723613,84457,2694,4.9,3.19,1086742,2301502,12.87,630.5,2.12,111.78,16.26,28.97,408
846,846,610318,54928,5207,9.0,9.48,1287481,2260559,23.44,2109.52,1.76,75.58,5.5,27.87,103
847,847,2560890,189249,30506,7.39,16.12,1235916,2186458,6.53,482.61,1.77,76.91,15.82,41.77,88
848,848,4070736,210864,3626,5.18,1.72,1302422,2531387,6.18,319.95,1.94,94.36,15.72,61.7,395
849,849,746584,77943,8659,10.44,11.11,464204,1016235,5.96,621.77,2.19,118.92,9.31,24.45,217
850,850,4420717,463291,45865,10.48,9.9,93330,156850,0.2,21.11,1.68,68.06,6.74,30.07,251
851,851,3077235,86778,14656,2.82,16.89,403275,713837,4.65,131.05,1.77,77.01,4.63,31.35,309
852,852,77824,5579,276,7.17,4.95,648351,1328795,116.21,8330.99,2.05,104.95,17.14,42.97,396
853,853,4693436,265179,14399,5.65,5.43,1458177,3067566,5.5,310.68,2.1,110.37,15.47,43.37,294
854,854,1043791,15970,2122,1.53,13.29,1258253,2441136,78.79,1205.46,1.94,94.01,11.39,65.91,352
855,855,1808265,128205,16910,7.09,13.19,716389,1354906,5.59,396.17,1.89,89.13,11.15,63.39,494
856,856,1081797,87517,6563,8.09,7.5,717575,1517886,8.2,663.32,2.12,111.53,13.95,22.89,37
857,857,956441,72020,11177,7.53,15.52,930941,2241519,12.93,973.34,2.41,140.78,8.95,60.33,43
858,858,4797135,292145,36050,6.09,12.34,396659,672257,1.36,82.69,1.69,69.48,17.73,27.66,378
859,859,1251502,137164,19381,10.96,14.13,121489,238033,0.89,97.07,1.96,95.93,12.64,48.41,346
860,860,89290,8732,223,9.78,2.55,1077868,2416903,123.44,12071.54,2.24,124.23,5.47,46.81,371
861,861,2920208,324727,24614,11.12,7.58,1351632,2632438,4.16,462.85,1.95,94.76,3.03,41.78,315
862,862,2828937,267334,15879,9.45,5.94,546720,1248325,2.05,193.26,2.28,128.33,15.79,38.85,449
863,863,4861971,439522,71026,9.04,16.16,1060042,2204145,2.41,218.03,2.08,107.93,5.12,28.11,181
864,864,3459317,62613,11157,1.81,17.82,835591,1581188,13.35,241.55,1.89,89.23,12.68,53.82,457
865,865,147608,14686,2542,9.95,17.31,1242872,2361083,84.63,8420.09,1.9,89.97,8.14,52.54,91
866,866,2471254,213022,33465,8.62,15.71,342982,611674,1.61,138.79,1.78,78.34,16.04,51.71,80
867,867,4706562,79070,4451,1.68,5.63,1085926,2101049,13.73,230.73,1.93,93.48,9.26,67.85,382
868,868,4119729,61795,6630,1.5,10.73,250988,390687,4.06,60.92,1.56,55.66,5.59,56.24,142
869,869,4003934,119717,8440,2.99,7.05,1217134,2718712,10.17,303.98,2.23,123.37,2.21,30.84,459
870,870,2758322,319137,23871,11.57,7.48,1157878,2606846,3.63,419.78,2.25,125.14,12.76,22.59,365
871,871,3725045,337861,52706,9.07,15.6,1248011,2282112,3.69,335.03,1.83,82.86,6.81,49.7,479
872,872,4615402,534925,23857,11.59,4.46,685937,1370639,1.28,148.62,2.0,99.82,5.8,62.49,285
873,873,2160261,77337,5846,3.58,7.56,1124152,2507083,14.54,520.38,2.23,123.02,3.8,58.04,161
874,874,3053031,90980,4103,2.98,4.51,576332,950486,6.33,188.77,1.65,64.92,6.01,34.3,273
875,875,1500975,72046,8515,4.8,11.82,1044563,2119000,14.5,695.92,2.03,102.86,11.83,61.02,495
876,876,3412545,192126,11373,5.63,5.92,391704,759984,2.04,114.78,1.94,94.02,13.66,34.81,289
877,877,3895910,411018,38800,10.55,9.44,178249,327496,0.43,45.75,1.84,83.73,4.02,38.42,71
878,878,950809,72641,5520,7.64,7.6,112801,232370,1.55,118.64,2.06,106.0,7.95,32.22,40
879,879,1752436,206261,34754,11.77,16.85,520350,1109386,2.52,296.93,2.13,113.2,8.11,60.51,421
880,880,4725642,375688,54061,7.95,14.39,486986,1087342,1.3,103.05,2.23,123.28,17.11,36.07,134
881,881,3558646,235226,25851,6.61,10.99,113090,214237,0.48,31.78,1.89,89.44,9.82,46.59,120
882,882,3040134,299149,51274,9.84,17.14,956905,2190546,3.2,314.76,2.29,128.92,7.43,49.59,119
883,883,191689,18267,2338,9.53,12.8,406020,827874,22.23,2118.12,2.04,103.9,8.32,56.51,257
884,884,705725,61609,1071,8.73,1.74,1142452,2312437,18.54,1618.83,2.02,102.41,9.83,45.71,340
885,885,1262274,134558,17088,10.66,12.7,1361640,3264123,10.12,1078.72,2.4,139.72,8.59,26.16,384
886,886,903993,11209,294,1.24,2.62,1345601,2780953,120.05,1488.51,2.07,106.67,2.14,56.07,382
887,887,4150749,213763,5386,5.15,2.52,1131145,2309119,5.29,272.52,2.04,104.14,7.29,58.09,197
888,888,2586081,160078,20826,6.19,13.01,473160,833518,2.96,182.96,1.76,76.16,8.04,55.49,146
889,889,4986324,272751,12955,5.47,4.75,190149,350007,0.7,38.13,1.84,84.07,12.59,44.71,300
890,890,4360074,166118,22492,3.81,13.54,967019,1959954,5.82,221.79,2.03,102.68,6.04,66.03,36
891,891,1984835,104203,11629,5.25,11.16,964098,2054203,9.25,485.73,2.13,113.07,17.56,64.96,36
892,892,3021143,177945,17189,5.89,9.66,1076743,2076929,6.05,356.4,1.93,92.89,17.9,48.41,82
893,893,4178998,195577,25405,4.68,12.99,835442,1839142,4.27,199.91,2.2,120.14,12.18,39.63,32
894,894,1837275,74409,6012,4.05,8.08,1031026,2129584,13.86,561.17,2.07,106.55,4.85,61.93,261
895,895,1170983,42857,5451,3.66,12.72,174847,350218,4.08,149.32,2.0,100.3,12.21,43.71,327
896,896,1780187,199736,30080,11.22,15.06,244000,415141,1.22,137.06,1.7,70.14,9.43,42.07,345
897,897,4826697,132251,9508,2.74,7.19,1411441,2527890,10.67,292.42,1.79,79.1,4.47,20.33,131
898,898,1366354,163689,7971,11.98,4.87,797534,1638134,4.87,583.7,2.05,105.4,14.34,49.5,327
899,899,545688,28266,839,5.18,2.97,1035642,1824697,36.64,1897.86,1.76,76.19,15.87,57.01,477
900,900,1021331,23899,843,2.34,3.53,1207780,2377273,50.54,1182.55,1.97,96.83,11.43,24.25,365
901,901,674795,60394,7597,8.95,12.58,443460,740533,7.34,657.18,1.67,66.99,2.95,34.79,461
902,902,2355833,85752,4493,3.64,5.24,293912,574127,3.43,124.76,1.95,95.34,2.39,41.23,170
903,903,3921283,308997,5067,7.88,1.64,1161673,2372252,3.76,296.25,2.04,104.21,13.71,54.62,427
904,904,4197055,107444,13924,2.56,12.96,156222,295900,1.45,37.22,1.89,89.41,8.4,62.14,391
905,905,1857368,53492,2407,2.88,4.5,1342949,2409384,25.11,723.04,1.79,79.41,3.41,64.08,327
906,906,4344914,429277,71345,9.88,16.62,736512,1437303,1.72,169.51,1.95,95.15,6.97,38.07,291
907,907,4201254,441551,74710,10.51,16.92,880948,1688777,2.0,209.69,1.92,91.7,10.18,69.66,238
908,908,4695190,524452,78090,11.17,14.89,550445,1055808,1.05,117.24,1.92,91.81,9.45,59.44,177
909,909,948960,67186,11226,7.08,16.71,646957,1378018,9.63,681.75,2.13,113.0,7.69,28.69,376
910,910,94200,8901,1355,9.45,15.22,198331,400112,22.28,2105.42,2.02,101.74,14.94,38.97,477
911,911,4355092,172897,11843,3.97,6.85,102786,204759,0.59,23.6,1.99,99.21,12.17,40.64,310
912,912,1281464,96366,14541,7.52,15.09,268006,462256,2.78,209.14,1.72,72.48,12.38,46.59,138
913,913,4755229,272474,11062,5.73,4.06,433179,809135,1.59,91.1,1.87,86.79,14.03,55.76,178
914,914,1054089,52599,7937,4.99,15.09,572454,1308858,10.88,543.08,2.29,128.64,15.63,42.95,497
915,915,4784294,124391,21022,2.6,16.9,811877,1756252,6.53,169.7,2.16,116.32,9.11,22.19,408
916,916,4770546,315333,51683,6.61,16.39,1363444,3268175,4.32,285.8,2.4,139.7,13.84,64.0,179
917,917,3496749,57696,5504,1.65,9.54,273197,548415,4.74,78.13,2.01,100.74,16.41,31.67,219
918,918,1961503,229888,21195,11.72,9.22,1303378,2867040,5.67,664.48,2.2,119.97,15.99,35.54,453
919,919,2399138,199368,11025,8.31,5.53,1433527,2479284,7.19,597.52,1.73,72.95,5.1,33.12,225
920,920,3764088,401251,48150,10.66,12.0,1017111,2151698,2.53,270.21,2.12,111.55,4.67,22.34,440
921,921,4001732,456597,32646,11.41,7.15,89824,185055,0.2,22.45,2.06,106.02,8.61,36.91,149
922,922,4608463,457620,62053,9.93,13.56,1183033,2061435,2.59,256.71,1.74,74.25,8.94,31.68,154
923,923,3045179,220470,21495,7.24,9.75,460053,776385,2.09,151.08,1.69,68.76,8.11,57.07,291
924,924,1170185,92444,8643,7.9,9.35,488298,832548,5.28,417.28,1.7,70.5,2.16,37.21,336
925,925,2269845,223579,15941,9.85,7.13,405651,725101,1.81,178.71,1.79,78.75,10.41,65.96,188
926,926,4110516,147567,15981,3.59,10.83,139700,223478,0.95,33.99,1.6,59.97,5.42,24.77,298
927,927,824808,22929,1015,2.78,4.43,93963,146798,4.1,113.92,1.56,56.23,2.83,63.0,161
928,928,683661,9844,389,1.44,3.95,988508,1915629,100.42,1445.9,1.94,93.79,2.23,53.16,412
929,929,4966244,282579,16785,5.69,5.94,1194595,2389309,4.23,240.54,2.0,100.01,5.96,69.0,267
930,930,1650473,32349,2118,1.96,6.55,1317545,3007032,40.73,798.28,2.28,128.23,5.51,49.51,390
931,931,1178028,87763,14393,7.45,16.4,1243572,2764833,14.17,1055.64,2.22,122.33,13.51,28.2,378
932,932,3574071,323810,55986,9.06,17.29,223268,423182,0.69,62.47,1.9,89.54,17.54,50.51,137
933,933,1433408,110372,16180,7.7,14.66,65482,101169,0.59,45.68,1.54,54.5,9.17,51.91,188
934,934,3235459,297338,17810,9.19,5.99,1228818,2628810,4.13,379.8,2.14,113.93,13.77,31.13,85
935,935,4637338,281022,4299,6.06,1.53,634003,1520656,2.26,136.72,2.4,139.85,2.41,68.99,277
936,936,3701982,353909,22083,9.56,6.24,843149,1797677,2.38,227.76,2.13,113.21,2.9,33.47,237
937,937,480088,16995,2812,3.54,16.55,527025,1228916,31.01,1097.77,2.33,133.18,15.48,34.35,320
938,938,1419251,141925,24581,10.0,17.32,633660,1142932,4.46,446.47,1.8,80.37,12.4,59.95,65
939,939,3909427,398370,11951,10.19,3.0,1410087,2747131,3.54,360.69,1.95,94.82,3.88,36.85,187
940,940,777920,75847,6651,9.75,8.77,883983,1593821,11.65,1136.34,1.8,80.3,15.83,33.18,451
941,941,2334634,213385,15278,9.14,7.16,256869,435418,1.2,110.03,1.7,69.51,10.66,34.63,453
942,942,3486129,261459,11582,7.5,4.43,337430,711842,1.29,96.79,2.11,110.96,5.97,35.61,353
943,943,1522162,164545,3471,10.81,2.11,1033194,2152659,6.28,678.77,2.08,108.35,14.76,32.07,262
944,944,2207207,93144,14921,4.22,16.02,342439,632621,3.68,155.15,1.85,84.74,17.92,42.01,357
945,945,3058219,66057,4069,2.16,6.16,857869,1841930,12.99,280.51,2.15,114.71,7.73,50.94,135
946,946,1760699,207586,33545,11.79,16.16,216831,464235,1.04,123.15,2.14,114.1,4.75,68.23,440
947,947,288690,26617,1115,9.22,4.19,797429,1352997,29.96,2762.23,1.7,69.67,4.62,54.66,231
948,948,2487078,238262,6552,9.58,2.75,1207520,2835860,5.07,485.52,2.35,134.85,5.98,34.47,204
949,949,4258704,131593,12606,3.09,9.58,322514,600166,2.45,75.73,1.86,86.09,6.5,30.22,122
950,950,3035004,70715,8054,2.33,11.39,437749,782520,6.19,144.23,1.79,78.76,11.48,44.42,197
951,951,3793788,424904,51540,11.2,12.13,1244124,2205209,2.93,327.94,1.77,77.25,12.05,57.92,247
952,952,2721158,117826,12843,4.33,10.9,931043,1893648,7.9,342.15,2.03,103.39,2.08,69.35,284
953,953,607255,62790,8282,10.34,13.19,1317557,2402828,20.98,2169.69,1.82,82.37,16.69,34.48,124
954,954,4851729,282855,6675,5.83,2.36,1266277,2280184,4.48,260.99,1.8,80.07,11.99,62.87,215
955,955,4751110,245632,30507,5.17,12.42,264487,471686,1.08,55.67,1.78,78.34,17.99,34.88,126
956,956,3381783,158267,21286,4.68,13.45,1091355,2272310,6.9,322.72,2.08,108.21,15.4,63.36,463
957,957,4017772,38570,6892,0.96,17.87,714612,1558068,18.53,177.86,2.18,118.03,6.93,60.3,395
958,958,1010959,79158,3926,7.83,4.96,544390,983984,6.88,538.49,1.81,80.75,12.12,44.37,472
959,959,470920,16811,1792,3.57,10.66,1073251,2205423,63.84,2279.05,2.05,105.49,10.93,27.53,73
960,960,3301907,163774,28578,4.96,17.45,242713,453339,1.48,73.51,1.87,86.78,12.25,44.24,493
961,961,2754593,318981,31196,11.58,9.78,1283620,3063487,4.02,465.99,2.39,138.66,5.02,33.67,424
962,962,2133234,178978,22533,8.39,12.59,1006638,2268559,5.62,471.88,2.25,125.36,8.56,36.45,265
963,963,2699472,188423,31881,6.98,16.92,1251679,2410608,6.64,463.68,1.93,92.59,3.55,63.89,80
964,964,2928684,221115,19612,7.55,8.87,753555,1579074,3.41,257.3,2.1,109.55,5.89,37.23,244
965,965,1743060,18302,1850,1.05,10.11,228784,475321,12.5,131.25,2.08,107.76,7.61,67.19,150
966,966,3392242,78700,6862,2.32,8.72,1173430,2382414,14.91,345.92,2.03,103.03,5.96,67.94,346
967,967,4347188,256049,11522,5.89,4.5,960998,1778711,3.75,221.06,1.85,85.09,11.31,69.46,369
968,968,524326,40006,6857,7.63,17.14,416042,775003,10.4,793.48,1.86,86.28,2.51,46.34,304
969,969,1732514,126300,7578,7.29,6.0,476590,779939,3.77,275.09,1.64,63.65,2.61,33.02,76
970,970,2931745,44562,2838,1.52,6.37,914041,1853766,20.51,311.77,2.03,102.81,12.69,21.24,44
971,971,4031021,403908,54850,10.02,13.58,1318663,2785939,3.26,327.13,2.11,111.27,6.45,37.91,37
972,972,4733305,380084,19042,8.03,5.01,1079823,1901028,2.84,228.13,1.76,76.05,12.65,24.11,463
973,973,4230574,240719,35457,5.69,14.73,587793,1236305,2.44,138.94,2.1,110.33,15.37,39.12,55
974,974,550099,52699,2671,9.58,5.07,260530,475363,4.94,473.61,1.82,82.46,11.24,20.35,487
975,975,4039869,310261,17064,7.68,5.5,873675,1650459,2.82,216.26,1.89,88.91,3.9,64.22,375
976,976,4616307,507332,18669,10.99,3.68,414338,931348,0.82,89.76,2.25,124.78,5.56,29.75,263
977,977,3588322,32653,1505,0.91,4.61,612274,1078092,18.75,170.63,1.76,76.08,13.49,21.5,110
978,978,4859093,282799,30429,5.82,10.76,925788,1883700,3.27,190.53,2.03,103.47,14.67,43.62,160
979,979,1138160,110856,15032,9.74,13.56,1471065,2984055,13.27,1292.49,2.03,102.85,15.57,25.77,113
980,980,3207581,291569,37262,9.09,12.78,379320,710693,1.3,118.26,1.87,87.36,17.85,58.42,356
981,981,3384835,379440,42307,11.21,11.15,1349035,2581513,3.56,398.55,1.91,91.36,2.98,60.71,233
982,982,4082823,299679,52683,7.34,17.58,1468691,3514430,4.9,359.72,2.39,139.29,9.0,45.15,71
983,983,4684240,128816,10382,2.75,8.06,1198065,2515457,9.3,255.77,2.1,109.96,10.98,43.61,86
984,984,4683135,331097,31520,7.07,9.52,1082656,2458170,3.27,231.18,2.27,127.05,17.1,20.51,235
985,985,3646095,87141,15380,2.39,17.65,605054,1169629,6.94,165.95,1.93,93.31,9.77,36.3,356
986,986,4711691,522055,91881,11.08,17.6,1074889,2027993,2.06,228.13,1.89,88.67,7.79,50.74,325
987,987,2934799,310208,20876,10.57,6.73,623843,1251865,2.01,212.57,2.01,100.67,13.86,26.26,314
988,988,200413,19440,1889,9.7,9.72,170973,298467,8.79,853.1,1.75,74.57,2.88,55.04,424
989,989,4151205,371117,44534,8.94,12.0,999364,1817743,2.69,240.74,1.82,81.89,10.54,63.65,34
990,990,2142980,223298,23446,10.42,10.5,1421671,3279226,6.37,663.41,2.31,130.66,14.22,61.32,63
991,991,129019,7341,1114,5.69,15.18,87857,168351,11.97,680.96,1.92,91.62,15.71,56.2,301
992,992,3077746,352401,34711,11.45,9.85,406235,616136,1.15,131.99,1.52,51.67,15.88,21.02,346
993,993,1393401,39293,6334,2.82,16.12,430626,793729,10.96,309.05,1.84,84.32,7.43,23.52,82
994,994,4732874,319942,48631,6.76,15.2,410173,741141,1.28,86.66,1.81,80.69,3.44,45.95,435
995,995,1968163,57470,3781,2.92,6.58,171198,315826,2.98,86.98,1.84,84.48,7.25,25.51,40
996,996,4140804,453003,35560,10.94,7.85,1357350,2753113,3.0,327.8,2.03,102.83,17.43,62.5,252
997,997,3802140,165012,15313,4.34,9.28,961852,1702766,5.83,252.98,1.77,77.03,4.97,54.0,217
998,998,3486873,194916,9531,5.59,4.89,744636,1691068,3.82,213.55,2.27,127.1,6.04,56.01,62
999,999,2234367,70159,5458,3.14,7.78,1469729,2703419,20.95,657.78,1.84,83.94,16.27,49.23,363
1000,1000,55424,4893,475,8.83,9.71,87994,138801,17.98,1587.65,1.58,57.74,15.47,42.13,362
